{
  "session_id": "05deea2e-1c70-45aa-8e51-8efc5c44a8c8",
  "data": {
    "session_id": "05deea2e-1c70-45aa-8e51-8efc5c44a8c8",
    "initial_intent": {
      "type": "meeting_scheduling",
      "confidence": "high",
      "entities": {
        "requires_participants": true,
        "requires_time_slot": true
      },
      "original_input": "Create a meeting for now"
    },
    "stages": [
      {
        "id": "df4050d2-0e1d-4d3c-8c34-a1dd69d89f76",
        "stage_type": "instant_execution",
        "data": {
          "question": "Creating your meeting now...",
          "type": "execution",
          "action": "create_instant_meeting"
        },
        "completed": false,
        "created_at": "2025-11-29T12:05:23.359584"
      }
    ],
    "context": {
      "platform": "google_meet"
    },
    "current_stage_index": 0,
    "created_at": "2025-11-29T12:05:23.359584"
  },
  "created_at": "2025-11-29T12:05:23.359584",
  "expires_at": "2025-11-29T14:05:23.359584"
}