{
  "session_id": "0f72ef85-be75-4ac4-bcfa-d44a7cc8a441",
  "data": {
    "session_id": "0f72ef85-be75-4ac4-bcfa-d44a7cc8a441",
    "initial_intent": {
      "type": "general",
      "confidence": "low",
      "entities": {},
      "original_input": "at 17:00"
    },
    "stages": [
      {
        "id": "8fe950ae-e35f-4268-812c-0f24c2efa232",
        "stage_type": "final_confirmation",
        "data": {
          "question": "I understood: 'at 17:00'. Confirm action:",
          "type": "confirmation"
        },
        "completed": false,
        "created_at": "2025-11-29T11:30:03.342502"
      }
    ],
    "context": {},
    "current_stage_index": 0,
    "created_at": "2025-11-29T11:30:02.835759"
  },
  "created_at": "2025-11-29T11:30:03.342502",
  "expires_at": "2025-11-29T13:30:03.342502"
}