{
  "session_id": "1016620a-3069-402a-9957-f86f5207a062",
  "data": {
    "session_id": "1016620a-3069-402a-9957-f86f5207a062",
    "initial_intent": {
      "type": "general",
      "confidence": "low",
      "entities": {},
      "original_input": "at 17:00"
    },
    "stages": [
      {
        "id": "963361df-10e0-49d1-bd58-6d68977ede9a",
        "stage_type": "final_confirmation",
        "data": {
          "question": "I understood: 'at 17:00'. Confirm action:",
          "type": "confirmation"
        },
        "completed": false,
        "created_at": "2025-11-29T11:42:09.423835"
      }
    ],
    "context": {},
    "current_stage_index": 0,
    "created_at": "2025-11-29T11:42:01.061618"
  },
  "created_at": "2025-11-29T11:42:09.424981",
  "expires_at": "2025-11-29T13:42:09.424981"
}