{
  "session_id": "12965833-91fc-4f81-b4b8-b8140a20b8a7",
  "data": {
    "session_id": "12965833-91fc-4f81-b4b8-b8140a20b8a7",
    "initial_intent": {
      "type": "general",
      "confidence": "low",
      "entities": {},
      "original_input": "at 17:00"
    },
    "stages": [
      {
        "id": "edc4f4cb-de86-4a18-8eab-a63f9906c021",
        "stage_type": "final_confirmation",
        "data": {
          "question": "I understood: 'at 17:00'. Confirm action:",
          "type": "confirmation"
        },
        "completed": false,
        "created_at": "2025-11-29T11:44:52.918246"
      }
    ],
    "context": {},
    "current_stage_index": 0,
    "created_at": "2025-11-29T11:44:51.504919"
  },
  "created_at": "2025-11-29T11:44:52.918246",
  "expires_at": "2025-11-29T13:44:52.918246"
}