{
  "session_id": "13999bdc-4083-4073-be35-d80dc9fd450e",
  "data": {
    "session_id": "13999bdc-4083-4073-be35-d80dc9fd450e",
    "initial_intent": {
      "type": "meeting_scheduling",
      "confidence": "high",
      "entities": {
        "requires_participants": true,
        "requires_time_slot": true
      },
      "original_input": "Create a meeting for now"
    },
    "stages": [
      {
        "id": "72199808-e598-43dc-b4ed-bf77b0add26f",
        "stage_type": "instant_execution",
        "data": {
          "question": "Creating your meeting now...",
          "type": "execution",
          "action": "create_instant_meeting"
        },
        "completed": false,
        "created_at": "2025-11-29T12:06:14.057285"
      }
    ],
    "context": {
      "platform": "google_meet"
    },
    "current_stage_index": 0,
    "created_at": "2025-11-29T12:06:14.057285"
  },
  "created_at": "2025-11-29T12:06:14.057285",
  "expires_at": "2025-11-29T14:06:14.057285"
}