{
  "session_id": "13a514d3-1f23-4e5e-babd-f47b5624cda8",
  "data": {
    "session_id": "13a514d3-1f23-4e5e-babd-f47b5624cda8",
    "initial_intent": {
      "type": "meeting_scheduling",
      "confidence": "high",
      "entities": {
        "requires_participants": true,
        "requires_time_slot": true
      },
      "original_input": "Schedule meeting right now"
    },
    "stages": [
      {
        "id": "46e6dd36-0425-4bc6-90ae-fa9e680be533",
        "stage_type": "instant_execution",
        "data": {
          "question": "Creating your meeting now...",
          "type": "execution",
          "action": "create_instant_meeting"
        },
        "completed": false,
        "created_at": "2025-11-29T11:29:32.135597"
      }
    ],
    "context": {
      "platform": "google_meet"
    },
    "current_stage_index": 0,
    "created_at": "2025-11-29T11:29:32.135597"
  },
  "created_at": "2025-11-29T11:29:32.135597",
  "expires_at": "2025-11-29T13:29:32.135597"
}