{
  "session_id": "155bc484-7a3e-4232-b310-dde3ce470b53",
  "data": {
    "session_id": "155bc484-7a3e-4232-b310-dde3ce470b53",
    "initial_intent": {
      "type": "general",
      "confidence": "low",
      "entities": {},
      "original_input": "at 17:00"
    },
    "stages": [
      {
        "id": "66a7ccc8-aa14-4367-bd2e-343dbd3b309b",
        "stage_type": "final_confirmation",
        "data": {
          "question": "I understood: 'at 17:00'. Confirm action:",
          "type": "confirmation"
        },
        "completed": false,
        "created_at": "2025-11-29T11:47:12.542618"
      }
    ],
    "context": {},
    "current_stage_index": 0,
    "created_at": "2025-11-29T11:47:10.712210"
  },
  "created_at": "2025-11-29T11:47:12.542618",
  "expires_at": "2025-11-29T13:47:12.542618"
}