{
  "session_id": "1c455467-51f5-4a2b-b272-cc4d8adb65d2",
  "data": {
    "session_id": "1c455467-51f5-4a2b-b272-cc4d8adb65d2",
    "initial_intent": {
      "type": "meeting_scheduling",
      "confidence": "high",
      "entities": {
        "requires_participants": true,
        "requires_time_slot": true
      },
      "original_input": "Create a meeting with fdw"
    },
    "stages": [
      {
        "id": "509d0ede-7590-4a81-b580-156215f16454",
        "stage_type": "instant_execution",
        "data": {
          "question": "Creating your meeting now...",
          "type": "execution",
          "action": "create_instant_meeting"
        },
        "completed": false,
        "created_at": "2025-11-29T14:53:01.820328"
      }
    ],
    "context": {
      "platform": "google_meet"
    },
    "current_stage_index": 0,
    "created_at": "2025-11-29T14:53:01.820328"
  },
  "created_at": "2025-11-29T14:53:01.820328",
  "expires_at": "2025-11-29T16:53:01.820328"
}