{
  "session_id": "1df90d64-f51c-477d-90a5-562a938c01e1",
  "data": {
    "session_id": "1df90d64-f51c-477d-90a5-562a938c01e1",
    "initial_intent": {
      "type": "meeting_scheduling",
      "confidence": "high",
      "entities": {
        "when": "tomorrow",
        "time": "2pm",
        "requires_participants": true,
        "requires_time_slot": true
      },
      "original_input": "Schedule a meeting for tomorrow at 2pm"
    },
    "stages": [
      {
        "id": "28d91447-b12b-4cf7-b18a-5c7a805b5955",
        "stage_type": "participant_details",
        "data": {
          "question": "Who are you meeting with? Provide emails or phone numbers or telegram ID's.",
          "type": "text_input"
        },
        "completed": true,
        "created_at": "2025-11-29T14:22:39.502962"
      },
      {
        "id": "2785b5ec-754f-42d4-a2ba-3b83a301bbce",
        "stage_type": "final_confirmation",
        "data": {
          "question": "Confirm meeting details:",
          "type": "confirmation",
          "actions": [
            "schedule_zoom",
            "send_telegram",
            "add_calendar"
          ]
        },
        "completed": false,
        "created_at": "2025-11-29T14:22:39.502962"
      }
    ],
    "context": {
      "platform": "google_meet",
      "participants": "aec"
    },
    "current_stage_index": 1,
    "created_at": "2025-11-29T14:22:39.502962"
  },
  "created_at": "2025-11-29T14:22:51.772030",
  "expires_at": "2025-11-29T16:22:51.772030"
}