{
  "session_id": "231b6937-5238-469e-a0fc-0c5393caab0a",
  "data": {
    "session_id": "231b6937-5238-469e-a0fc-0c5393caab0a",
    "initial_intent": {
      "type": "birthday_party",
      "confidence": "high",
      "entities": {
        "when": "this_weekend",
        "event_type": "birthday_party",
        "requires_planning": true
      },
      "original_input": "\"I need to enjoy my birthday this weekend in karnataka\""
    },
    "stages": [
      {
        "id": "cb4926a0-e92f-41c8-9feb-ab6054845214",
        "stage_type": "destination_selection",
        "data": {
          "question": "Where would you like to celebrate your birthday?",
          "options": [
            {
              "id": "coorg",
              "name": "Coorg",
              "description": "Coffee plantations"
            },
            {
              "id": "hampi",
              "name": "Hampi",
              "description": "Ancient ruins"
            },
            {
              "id": "gokarna",
              "name": "Gokarna",
              "description": "Beach town"
            },
            {
              "id": "chikmagalur",
              "name": "Chikmagalur",
              "description": "Hill station"
            }
          ],
          "type": "single_choice",
          "user_input": "\"I need to enjoy my birthday this weekend in karnataka\""
        },
        "completed": true,
        "created_at": "2025-11-29T07:37:55.109233"
      },
      {
        "id": "3ea7c0c9-0863-46f7-a919-56ba05435198",
        "stage_type": "accommodation_selection",
        "data": {
          "question": "Choose your accommodation:",
          "options_template": "resorts_and_hotels",
          "type": "single_choice",
          "options": [
            {
              "id": "resort_1",
              "name": "Grand coorg Resort",
              "description": "Luxury stay"
            },
            {
              "id": "hotel_1",
              "name": "coorg City Hotel",
              "description": "Central location"
            }
          ]
        },
        "completed": true,
        "created_at": "2025-11-29T07:37:55.109233"
      },
      {
        "id": "8ce0044a-f02b-4c42-b8eb-a2033399984b",
        "stage_type": "activities_selection",
        "data": {
          "question": "What activities would you like to include?",
          "options_template": "activities",
          "type": "multiple_choice",
          "options": [
            {
              "id": "sightseeing",
              "name": "City Sightseeing",
              "description": "Tour of main attractions"
            },
            {
              "id": "food_tour",
              "name": "Local Food Tour",
              "description": "Taste local delicacies"
            }
          ]
        },
        "completed": true,
        "created_at": "2025-11-29T07:37:55.109233"
      },
      {
        "id": "3867e413-15f9-4b3c-88d8-e4ccac8dec17",
        "stage_type": "dining_selection",
        "data": {
          "question": "Any special dining arrangements?",
          "options": [
            {
              "id": "cake_bakery",
              "name": "Order birthday cake from local bakery"
            },
            {
              "id": "restaurant_booking",
              "name": "Book table at fine dining restaurant"
            },
            {
              "id": "private_chef",
              "name": "Hire private chef"
            }
          ],
          "type": "multiple_choice"
        },
        "completed": true,
        "created_at": "2025-11-29T07:37:55.109233"
      },
      {
        "id": "8fdaea65-6416-4bd5-8474-8ee52acc507d",
        "stage_type": "final_confirmation",
        "data": {
          "question": "Confirm your birthday celebration plan:",
          "type": "confirmation"
        },
        "completed": false,
        "created_at": "2025-11-29T07:37:55.109233"
      }
    ],
    "context": {
      "destination": "coorg",
      "accommodation": "resort_1",
      "activities": [
        "sightseeing",
        "food_tour"
      ],
      "dining": [
        "restaurant_booking",
        "cake_bakery"
      ]
    },
    "current_stage_index": 4,
    "created_at": "2025-11-29T07:37:53.444400"
  },
  "created_at": "2025-11-29T07:38:42.804348",
  "expires_at": "2025-11-29T09:38:42.804348"
}