{
  "session_id": "2ad2564b-a5a3-415f-b3b7-8b61b043dead",
  "data": {
    "session_id": "2ad2564b-a5a3-415f-b3b7-8b61b043dead",
    "initial_intent": {
      "type": "general",
      "original_input": "I want to learn how to bake a cake"
    },
    "stages": [
      {
        "id": "066833dc-42f3-4f08-9d70-92b0a3d92f89",
        "stage_type": "final_confirmation",
        "data": {
          "question": "I understood: 'I want to learn how to bake a cake'. Confirm action:",
          "type": "confirmation"
        },
        "completed": false,
        "created_at": "2025-11-29T08:51:08.658208"
      }
    ],
    "context": {},
    "current_stage_index": 0,
    "created_at": "2025-11-29T08:51:06.574724"
  },
  "created_at": "2025-11-29T08:51:08.658208",
  "expires_at": "2025-11-29T10:51:08.658208"
}