{
  "session_id": "2ad9ce1b-1b71-4f5b-9609-781012b8ae7c",
  "data": {
    "session_id": "2ad9ce1b-1b71-4f5b-9609-781012b8ae7c",
    "initial_intent": {
      "type": "birthday_party",
      "confidence": "high",
      "entities": {
        "event_type": "birthday_party",
        "requires_planning": true
      },
      "original_input": "I want to celebrate my birthday in Karnataka"
    },
    "stages": [
      {
        "id": "9f177827-bdd1-4860-a144-6c2cebd3f2a6",
        "stage_type": "destination_selection",
        "data": {
          "question": "Where would you like to celebrate your birthday?",
          "options": [
            {
              "id": "coorg",
              "name": "Coorg",
              "description": "Coffee plantations"
            },
            {
              "id": "hampi",
              "name": "Hampi",
              "description": "Ancient ruins"
            },
            {
              "id": "gokarna",
              "name": "Gokarna",
              "description": "Beach town"
            },
            {
              "id": "chikmagalur",
              "name": "Chikmagalur",
              "description": "Hill station"
            }
          ],
          "type": "single_choice",
          "user_input": "I want to celebrate my birthday in Karnataka"
        },
        "completed": false,
        "created_at": "2025-11-29T06:40:08.464502"
      },
      {
        "id": "516fac93-6baa-47b5-92d4-1473ba2f7e71",
        "stage_type": "accommodation_selection",
        "data": {
          "question": "Choose your accommodation:",
          "options_template": "resorts_and_hotels",
          "type": "single_choice"
        },
        "completed": false,
        "created_at": "2025-11-29T06:40:08.464502"
      },
      {
        "id": "5deb3d2f-9c46-475e-9827-80cb24c96d8c",
        "stage_type": "activities_selection",
        "data": {
          "question": "What activities would you like to include?",
          "options_template": "activities",
          "type": "multiple_choice"
        },
        "completed": false,
        "created_at": "2025-11-29T06:40:08.464502"
      },
      {
        "id": "ed769798-9ed6-457d-8d8b-8a4c1f61c57e",
        "stage_type": "dining_selection",
        "data": {
          "question": "Any special dining arrangements?",
          "options": [
            {
              "id": "cake_bakery",
              "name": "Order birthday cake from local bakery"
            },
            {
              "id": "restaurant_booking",
              "name": "Book table at fine dining restaurant"
            },
            {
              "id": "private_chef",
              "name": "Hire private chef"
            }
          ],
          "type": "multiple_choice"
        },
        "completed": false,
        "created_at": "2025-11-29T06:40:08.464502"
      },
      {
        "id": "26821b71-0c88-4c7a-9fe5-eb8a9f66cdfb",
        "stage_type": "final_confirmation",
        "data": {
          "question": "Confirm your birthday celebration plan:",
          "type": "confirmation"
        },
        "completed": false,
        "created_at": "2025-11-29T06:40:08.464502"
      }
    ],
    "context": {},
    "current_stage_index": 0,
    "created_at": "2025-11-29T06:40:06.774667"
  },
  "created_at": "2025-11-29T06:40:08.464502",
  "expires_at": "2025-11-29T08:40:08.464502"
}