{
  "session_id": "2ba1d0dd-9604-4a76-802a-c278efa84857",
  "data": {
    "session_id": "2ba1d0dd-9604-4a76-802a-c278efa84857",
    "initial_intent": {
      "type": "meeting_scheduling",
      "original_input": "Schedule a Zoom meeting with Alice"
    },
    "stages": [
      {
        "id": "c1dc6c93-bb9e-48c3-9c36-a7d8ad9e8981",
        "stage_type": "platform_selection",
        "data": {
          "question": "How would you like to meet?",
          "options": [
            {
              "id": "zoom",
              "name": "Zoom Meeting"
            },
            {
              "id": "google_meet",
              "name": "Google Meet"
            },
            {
              "id": "phone",
              "name": "Phone Call"
            },
            {
              "id": "in_person",
              "name": "In Person"
            }
          ],
          "type": "single_choice"
        },
        "completed": true,
        "created_at": "2025-11-29T07:34:19.556469"
      },
      {
        "id": "320f71dd-88a3-49f1-8353-b99a9f0524c5",
        "stage_type": "participant_details",
        "data": {
          "question": "Who are you meeting with? Provide emails or phone numbers.",
          "type": "text_input"
        },
        "completed": true,
        "created_at": "2025-11-29T07:34:19.556469"
      },
      {
        "id": "ebbb4bab-6726-4e2a-b10a-23cd66d679ba",
        "stage_type": "final_confirmation",
        "data": {
          "question": "Confirm meeting details:",
          "type": "confirmation",
          "actions": [
            "schedule_zoom",
            "send_telegram",
            "add_calendar"
          ]
        },
        "completed": false,
        "created_at": "2025-11-29T07:34:19.556469"
      }
    ],
    "context": {
      "platform": "zoom",
      "participants": "Alice (alice@example.com)"
    },
    "current_stage_index": 2,
    "created_at": "2025-11-29T07:34:19.556469"
  },
  "created_at": "2025-11-29T07:34:19.570648",
  "expires_at": "2025-11-29T09:34:19.570648"
}