{
  "session_id": "2ff4a83c-9479-4fa5-812a-ef3ae010daac",
  "data": {
    "session_id": "2ff4a83c-9479-4fa5-812a-ef3ae010daac",
    "initial_intent": {
      "type": "meeting_scheduling",
      "confidence": "high",
      "entities": {
        "when": "tomorrow",
        "time": "2 pm",
        "requires_participants": true,
        "requires_time_slot": true
      },
      "original_input": "Schedule a meeting tomorrow at 2 pm"
    },
    "stages": [
      {
        "id": "63561f33-0baf-413c-9067-5be690aa5b69",
        "stage_type": "platform_selection",
        "data": {
          "question": "How would you like to meet?",
          "options": [
            {
              "id": "zoom",
              "name": "Zoom Meeting"
            },
            {
              "id": "google_meet",
              "name": "Google Meet"
            },
            {
              "id": "phone",
              "name": "Phone Call"
            },
            {
              "id": "in_person",
              "name": "In Person"
            }
          ],
          "type": "single_choice"
        },
        "completed": true,
        "created_at": "2025-11-28T17:15:15.389539"
      },
      {
        "id": "7a7d3c54-ac47-487e-8e6d-da3188dfbbac",
        "stage_type": "participant_details",
        "data": {
          "question": "Who are you meeting with? Please provide emails or phone numbers.",
          "type": "text_input"
        },
        "completed": true,
        "created_at": "2025-11-28T17:15:15.389539"
      },
      {
        "id": "1ba62dae-acc7-453b-8f21-9e8d0ee2ca16",
        "stage_type": "final_confirmation",
        "data": {
          "question": "Confirm meeting details:",
          "type": "confirmation",
          "actions": [
            "schedule_zoom",
            "send_email",
            "add_calendar"
          ]
        },
        "completed": false,
        "created_at": "2025-11-28T17:15:15.389539"
      }
    ],
    "context": {
      "platform": "google_meet",
      "participants": "9036165603"
    },
    "current_stage_index": 2,
    "created_at": "2025-11-28T17:15:15.389539"
  },
  "created_at": "2025-11-28T17:15:55.892087",
  "expires_at": "2025-11-28T19:15:55.892087"
}