{
  "session_id": "344f15ef-af06-4ff2-bc22-6602e30f9728",
  "data": {
    "session_id": "344f15ef-af06-4ff2-bc22-6602e30f9728",
    "initial_intent": {
      "type": "meeting_scheduling",
      "confidence": "high",
      "entities": {
        "when": "tomorrow",
        "time": "2pm",
        "requires_participants": true,
        "requires_time_slot": true
      },
      "original_input": "Schedule a meeting for tomorrow at 2pm"
    },
    "stages": [
      {
        "id": "39c76c5a-ee32-4d9c-aca8-87b391120ecf",
        "stage_type": "platform_selection",
        "data": {
          "question": "How would you like to meet?",
          "options": [
            {
              "id": "zoom",
              "name": "Zoom Meeting"
            },
            {
              "id": "google_meet",
              "name": "Google Meet"
            },
            {
              "id": "phone",
              "name": "Phone Call"
            },
            {
              "id": "in_person",
              "name": "In Person"
            }
          ],
          "type": "single_choice"
        },
        "completed": true,
        "created_at": "2025-11-29T07:51:39.126019"
      },
      {
        "id": "2ad7de39-6555-445f-96bd-2cd9177fa85c",
        "stage_type": "participant_details",
        "data": {
          "question": "Who are you meeting with? Provide emails or phone numbers.",
          "type": "text_input"
        },
        "completed": true,
        "created_at": "2025-11-29T07:51:39.126019"
      },
      {
        "id": "481ad1a6-3b82-451d-b774-ad15f804e775",
        "stage_type": "final_confirmation",
        "data": {
          "question": "Confirm meeting details:",
          "type": "confirmation",
          "actions": [
            "schedule_zoom",
            "send_telegram",
            "add_calendar"
          ]
        },
        "completed": false,
        "created_at": "2025-11-29T07:51:39.126019"
      }
    ],
    "context": {
      "platform": "zoom",
      "participants": "ewf.revr"
    },
    "current_stage_index": 2,
    "created_at": "2025-11-29T07:51:39.126019"
  },
  "created_at": "2025-11-29T07:52:44.395401",
  "expires_at": "2025-11-29T09:52:44.395401"
}