{
  "session_id": "3806e218-732c-4bac-a90d-d2151bfaa449",
  "data": {
    "session_id": "3806e218-732c-4bac-a90d-d2151bfaa449",
    "initial_intent": {
      "type": "general",
      "confidence": "low",
      "entities": {},
      "original_input": "yes"
    },
    "stages": [
      {
        "id": "eedd7f54-4a9e-4211-b293-2836e74c4dc6",
        "stage_type": "final_confirmation",
        "data": {
          "question": "Confirm action:",
          "type": "confirmation"
        },
        "completed": false,
        "created_at": "2025-11-29T07:53:58.757015"
      }
    ],
    "context": {},
    "current_stage_index": 0,
    "created_at": "2025-11-29T07:53:58.757015"
  },
  "created_at": "2025-11-29T07:53:58.757015",
  "expires_at": "2025-11-29T09:53:58.757015"
}