{
  "session_id": "3ba17c7e-cef7-4a72-8740-d31310d8ac4f",
  "data": {
    "session_id": "3ba17c7e-cef7-4a72-8740-d31310d8ac4f",
    "initial_intent": {
      "type": "general",
      "confidence": "low",
      "entities": {},
      "original_input": "Create a meeting for now"
    },
    "stages": [
      {
        "id": "a9c0683e-1e46-47ad-a6c7-dbcaca7828ad",
        "stage_type": "final_confirmation",
        "data": {
          "question": "I understood: 'Create a meeting for now'. Confirm action:",
          "type": "confirmation"
        },
        "completed": false,
        "created_at": "2025-11-29T12:01:32.784007"
      }
    ],
    "context": {},
    "current_stage_index": 0,
    "created_at": "2025-11-29T12:01:27.732862"
  },
  "created_at": "2025-11-29T12:02:06.920833",
  "expires_at": "2025-11-29T14:02:06.920833"
}