{
  "session_id": "3e6a60f3-0582-4a14-b6f9-ef12e7a803e6",
  "data": {
    "session_id": "3e6a60f3-0582-4a14-b6f9-ef12e7a803e6",
    "initial_intent": {
      "type": "birthday_party",
      "confidence": "high",
      "entities": {
        "when": "this_weekend",
        "event_type": "birthday_party",
        "requires_planning": true
      },
      "original_input": "I need to enjoy my birthday this weekend"
    },
    "stages": [
      {
        "id": "27952e4a-cdc3-4626-85ff-9e506f6a8ed7",
        "stage_type": "destination_selection",
        "data": {
          "question": "Where would you like to celebrate your birthday?",
          "options": [
            {
              "id": "coorg",
              "name": "Coorg",
              "description": "Coffee plantations"
            },
            {
              "id": "hampi",
              "name": "Hampi",
              "description": "Ancient ruins"
            },
            {
              "id": "gokarna",
              "name": "Gokarna",
              "description": "Beach town"
            },
            {
              "id": "chikmagalur",
              "name": "Chikmagalur",
              "description": "Hill station"
            }
          ],
          "type": "single_choice",
          "user_input": "I need to enjoy my birthday this weekend"
        },
        "completed": false,
        "created_at": "2025-11-29T16:06:07.946283"
      },
      {
        "id": "f6749ad5-b12f-41df-9c58-3964f7c19d29",
        "stage_type": "accommodation_selection",
        "data": {
          "question": "Choose your accommodation:",
          "options_template": "resorts_and_hotels",
          "type": "single_choice"
        },
        "completed": false,
        "created_at": "2025-11-29T16:06:07.946283"
      },
      {
        "id": "1d154a9f-44f1-405e-941b-5ccd93d70ca8",
        "stage_type": "activities_selection",
        "data": {
          "question": "What activities would you like to include?",
          "options_template": "activities",
          "type": "multiple_choice"
        },
        "completed": false,
        "created_at": "2025-11-29T16:06:07.946283"
      },
      {
        "id": "e9436671-71eb-4f01-8916-2277e25d39ee",
        "stage_type": "dining_selection",
        "data": {
          "question": "Any special dining arrangements?",
          "options": [
            {
              "id": "cake_bakery",
              "name": "Order birthday cake from local bakery"
            },
            {
              "id": "restaurant_booking",
              "name": "Book table at fine dining restaurant"
            },
            {
              "id": "private_chef",
              "name": "Hire private chef"
            }
          ],
          "type": "multiple_choice"
        },
        "completed": false,
        "created_at": "2025-11-29T16:06:07.946283"
      },
      {
        "id": "4274677f-9e58-4e39-b693-e91b10f9564e",
        "stage_type": "final_confirmation",
        "data": {
          "question": "Confirm your birthday celebration plan:",
          "type": "confirmation"
        },
        "completed": false,
        "created_at": "2025-11-29T16:06:07.946283"
      }
    ],
    "context": {},
    "current_stage_index": 0,
    "created_at": "2025-11-29T16:06:07.018225"
  },
  "created_at": "2025-11-29T16:06:07.946283",
  "expires_at": "2025-11-29T18:06:07.946283"
}