{
  "session_id": "4822e638-18bf-4a06-a1f1-69644b3b4f67",
  "data": {
    "session_id": "4822e638-18bf-4a06-a1f1-69644b3b4f67",
    "initial_intent": {
      "type": "general",
      "confidence": "low",
      "entities": {},
      "original_input": "Create a meeting"
    },
    "stages": [
      {
        "id": "b82b9ec5-cb11-436d-a263-cd9e25e8b927",
        "stage_type": "final_confirmation",
        "data": {
          "question": "Confirm action:",
          "type": "confirmation"
        },
        "completed": false,
        "created_at": "2025-11-29T08:43:24.490660"
      }
    ],
    "context": {},
    "current_stage_index": 0,
    "created_at": "2025-11-29T08:43:24.490660"
  },
  "created_at": "2025-11-29T08:43:24.490660",
  "expires_at": "2025-11-29T10:43:24.490660"
}