{
  "session_id": "48b5cd37-01e4-4973-af98-072ad65d4bba",
  "data": {
    "session_id": "48b5cd37-01e4-4973-af98-072ad65d4bba",
    "initial_intent": {
      "type": "meeting_scheduling",
      "original_input": "Schedule a remote meeting",
      "entities": {}
    },
    "stages": [
      {
        "id": "0409937a-9a12-4d99-9026-a8df1b67a887",
        "stage_type": "participant_details",
        "data": {
          "question": "Who are you meeting with? Provide emails or phone numbers or telegram ID's.",
          "type": "text_input"
        },
        "completed": false,
        "created_at": "2025-11-29T08:51:08.659258"
      },
      {
        "id": "d080b5d5-e2bc-4376-a654-acfd461b2dd0",
        "stage_type": "final_confirmation",
        "data": {
          "question": "Confirm meeting details:",
          "type": "confirmation",
          "actions": [
            "schedule_zoom",
            "send_telegram",
            "add_calendar"
          ]
        },
        "completed": false,
        "created_at": "2025-11-29T08:51:08.659258"
      }
    ],
    "context": {
      "platform": "google_meet"
    },
    "current_stage_index": 0,
    "created_at": "2025-11-29T08:51:08.659258"
  },
  "created_at": "2025-11-29T08:51:08.659258",
  "expires_at": "2025-11-29T10:51:08.659258"
}