{
  "session_id": "4c685cc1-d115-4408-9ab8-a95da905cdde",
  "data": {
    "session_id": "4c685cc1-d115-4408-9ab8-a95da905cdde",
    "initial_intent": {
      "type": "meeting_scheduling",
      "confidence": "high",
      "entities": {
        "requires_participants": true,
        "requires_time_slot": true
      },
      "original_input": "Schedule a meeting"
    },
    "stages": [
      {
        "id": "cc20a392-54c7-45cb-9bab-7731053159ee",
        "stage_type": "participant_details",
        "data": {
          "question": "Who are you meeting with? Provide emails or phone numbers or telegram ID's.",
          "type": "text_input"
        },
        "completed": true,
        "created_at": "2025-11-29T14:54:21.516874"
      },
      {
        "id": "8332e201-91e9-4e87-95aa-141907a4d6c3",
        "stage_type": "final_confirmation",
        "data": {
          "question": "Confirm meeting details:",
          "type": "confirmation",
          "actions": [
            "schedule_zoom",
            "send_telegram",
            "add_calendar"
          ]
        },
        "completed": false,
        "created_at": "2025-11-29T14:54:21.516874"
      }
    ],
    "context": {
      "platform": "google_meet",
      "participants": "yes"
    },
    "current_stage_index": 1,
    "created_at": "2025-11-29T14:54:21.516874"
  },
  "created_at": "2025-11-29T14:54:33.804684",
  "expires_at": "2025-11-29T16:54:33.804684"
}