{
  "session_id": "5220c8be-5d06-4d2e-bbf4-5de03bc1109b",
  "data": {
    "session_id": "5220c8be-5d06-4d2e-bbf4-5de03bc1109b",
    "initial_intent": {
      "type": "meeting_scheduling",
      "confidence": "high",
      "entities": {
        "when": "tomorrow",
        "requires_participants": true,
        "requires_time_slot": true
      },
      "original_input": "Schedule a meeting tomorrow"
    },
    "stages": [
      {
        "id": "4fc911eb-ef4d-449c-b44a-b227963d3373",
        "stage_type": "platform_selection",
        "data": {
          "question": "How would you like to meet?",
          "options": [
            {
              "id": "zoom",
              "name": "Zoom Meeting"
            },
            {
              "id": "google_meet",
              "name": "Google Meet"
            },
            {
              "id": "phone",
              "name": "Phone Call"
            },
            {
              "id": "in_person",
              "name": "In Person"
            }
          ],
          "type": "single_choice"
        },
        "completed": true,
        "created_at": "2025-11-29T16:05:02.939946"
      },
      {
        "id": "0eb01418-07c7-46ce-8c0e-5ce78b9b5495",
        "stage_type": "participant_details",
        "data": {
          "question": "Who are you meeting with? Provide emails or phone numbers or telegram ID's.",
          "type": "text_input"
        },
        "completed": true,
        "created_at": "2025-11-29T16:05:02.939946"
      },
      {
        "id": "fc1815f2-ebf0-4fc2-a3f2-aa1d9a28e023",
        "stage_type": "final_confirmation",
        "data": {
          "question": "Confirm meeting details:",
          "type": "confirmation",
          "actions": [
            "schedule_zoom",
            "send_telegram",
            "add_calendar"
          ]
        },
        "completed": false,
        "created_at": "2025-11-29T16:05:02.939946"
      }
    ],
    "context": {
      "platform": "zoom",
      "participants": "wc"
    },
    "current_stage_index": 2,
    "created_at": "2025-11-29T16:05:01.675925"
  },
  "created_at": "2025-11-29T16:05:17.275145",
  "expires_at": "2025-11-29T18:05:17.275145"
}