{
  "session_id": "5287442b-50c4-416d-ae71-907d9a439b9d",
  "data": {
    "session_id": "5287442b-50c4-416d-ae71-907d9a439b9d",
    "initial_intent": {
      "type": "meeting_scheduling",
      "confidence": "high",
      "entities": {
        "requires_participants": true,
        "requires_time_slot": true
      },
      "original_input": "Schedule meeting right now"
    },
    "stages": [
      {
        "id": "dad3bb45-b344-463d-9366-561badf402f5",
        "stage_type": "instant_execution",
        "data": {
          "question": "Creating your meeting now...",
          "type": "execution",
          "action": "create_instant_meeting"
        },
        "completed": false,
        "created_at": "2025-11-29T11:41:57.961062"
      }
    ],
    "context": {
      "platform": "google_meet"
    },
    "current_stage_index": 0,
    "created_at": "2025-11-29T11:41:57.959048"
  },
  "created_at": "2025-11-29T11:41:57.961062",
  "expires_at": "2025-11-29T13:41:57.961062"
}