{
  "session_id": "53087c9a-69a2-40bb-879f-433c5dfcc007",
  "data": {
    "session_id": "53087c9a-69a2-40bb-879f-433c5dfcc007",
    "initial_intent": {
      "type": "general",
      "confidence": "low",
      "entities": {},
      "original_input": "Create a meeting for now"
    },
    "stages": [
      {
        "id": "456eb1d2-cbe4-4230-abfa-a6e1034c39c2",
        "stage_type": "final_confirmation",
        "data": {
          "question": "I understood: 'Create a meeting for now'. Confirm action:",
          "type": "confirmation"
        },
        "completed": false,
        "created_at": "2025-11-29T11:57:52.789205"
      }
    ],
    "context": {},
    "current_stage_index": 0,
    "created_at": "2025-11-29T11:57:52.033507"
  },
  "created_at": "2025-11-29T11:57:52.789205",
  "expires_at": "2025-11-29T13:57:52.789205"
}