{
  "session_id": "536b59f1-aa06-469b-92b4-890fd84c93fa",
  "data": {
    "session_id": "536b59f1-aa06-469b-92b4-890fd84c93fa",
    "initial_intent": {
      "type": "meeting_scheduling",
      "original_input": "Schedule a Zoom meeting with Alice"
    },
    "stages": [
      {
        "id": "b5ed6207-6202-4c90-b5f4-33c9abecbfda",
        "stage_type": "platform_selection",
        "data": {
          "question": "How would you like to meet?",
          "options": [
            {
              "id": "zoom",
              "name": "Zoom Meeting"
            },
            {
              "id": "google_meet",
              "name": "Google Meet"
            },
            {
              "id": "phone",
              "name": "Phone Call"
            },
            {
              "id": "in_person",
              "name": "In Person"
            }
          ],
          "type": "single_choice"
        },
        "completed": true,
        "created_at": "2025-11-29T07:36:30.064237"
      },
      {
        "id": "48cae446-dc0c-45aa-b834-14eb8ca1b9a5",
        "stage_type": "participant_details",
        "data": {
          "question": "Who are you meeting with? Provide emails or phone numbers.",
          "type": "text_input"
        },
        "completed": true,
        "created_at": "2025-11-29T07:36:30.064237"
      },
      {
        "id": "c9f57d97-7175-416b-ada9-c32e9675739b",
        "stage_type": "final_confirmation",
        "data": {
          "question": "Confirm meeting details:",
          "type": "confirmation",
          "actions": [
            "schedule_zoom",
            "send_telegram",
            "add_calendar"
          ]
        },
        "completed": false,
        "created_at": "2025-11-29T07:36:30.064237"
      }
    ],
    "context": {
      "platform": "zoom",
      "participants": "Alice (alice@example.com)"
    },
    "current_stage_index": 2,
    "created_at": "2025-11-29T07:36:30.064237"
  },
  "created_at": "2025-11-29T07:36:30.073340",
  "expires_at": "2025-11-29T09:36:30.073340"
}