{
  "session_id": "54e588af-8c6c-4d63-a896-0020246e39f2",
  "data": {
    "session_id": "54e588af-8c6c-4d63-a896-0020246e39f2",
    "initial_intent": {
      "type": "meeting_scheduling",
      "confidence": "high",
      "entities": {
        "requires_participants": true,
        "requires_time_slot": true
      },
      "original_input": "Schedule meeting right now"
    },
    "stages": [
      {
        "id": "dd50fde5-c1fc-475e-abd9-32a9ca6ecd74",
        "stage_type": "instant_execution",
        "data": {
          "question": "Creating your meeting now...",
          "type": "execution",
          "action": "create_instant_meeting"
        },
        "completed": false,
        "created_at": "2025-11-29T11:44:31.040415"
      }
    ],
    "context": {
      "platform": "google_meet"
    },
    "current_stage_index": 0,
    "created_at": "2025-11-29T11:44:31.039412"
  },
  "created_at": "2025-11-29T11:44:31.041420",
  "expires_at": "2025-11-29T13:44:31.041420"
}