{
  "session_id": "583c103e-6deb-4f70-b3e1-ac2d556b2bf4",
  "data": {
    "session_id": "583c103e-6deb-4f70-b3e1-ac2d556b2bf4",
    "initial_intent": {
      "type": "birthday_party",
      "confidence": "high",
      "entities": {
        "when": "this_weekend",
        "event_type": "birthday_party",
        "requires_planning": true
      },
      "original_input": "I need to enjoy my birthday this weekend in karnataka"
    },
    "stages": [
      {
        "id": "7b1b1b02-ea8c-4496-98cf-31e04280e075",
        "stage_type": "destination_selection",
        "data": {
          "question": "Where would you like to celebrate your birthday?",
          "options": [
            {
              "id": "coorg",
              "name": "Coorg",
              "description": "Coffee plantations"
            },
            {
              "id": "hampi",
              "name": "Hampi",
              "description": "Ancient ruins"
            },
            {
              "id": "gokarna",
              "name": "Gokarna",
              "description": "Beach town"
            },
            {
              "id": "chikmagalur",
              "name": "Chikmagalur",
              "description": "Hill station"
            }
          ],
          "type": "single_choice",
          "user_input": "I need to enjoy my birthday this weekend in karnataka"
        },
        "completed": true,
        "created_at": "2025-11-29T16:07:48.473920"
      },
      {
        "id": "bcf0e947-4073-407c-8e8e-f5d7877721be",
        "stage_type": "accommodation_selection",
        "data": {
          "question": "Choose your accommodation:",
          "options_template": "resorts_and_hotels",
          "type": "single_choice",
          "options": [
            {
              "id": "resort_1",
              "name": "Grand coorg Resort",
              "description": "Luxury stay"
            },
            {
              "id": "hotel_1",
              "name": "coorg City Hotel",
              "description": "Central location"
            }
          ]
        },
        "completed": true,
        "created_at": "2025-11-29T16:07:48.473920"
      },
      {
        "id": "725018d2-1a9c-43a3-8292-3f1095f80c88",
        "stage_type": "activities_selection",
        "data": {
          "question": "What activities would you like to include?",
          "options_template": "activities",
          "type": "multiple_choice",
          "options": [
            {
              "id": "sightseeing",
              "name": "City Sightseeing",
              "description": "Tour of main attractions"
            },
            {
              "id": "food_tour",
              "name": "Local Food Tour",
              "description": "Taste local delicacies"
            }
          ]
        },
        "completed": true,
        "created_at": "2025-11-29T16:07:48.473920"
      },
      {
        "id": "2f0adc5d-1fba-46f7-b91a-7b55dc7d6c87",
        "stage_type": "dining_selection",
        "data": {
          "question": "Any special dining arrangements?",
          "options": [
            {
              "id": "cake_bakery",
              "name": "Order birthday cake from local bakery"
            },
            {
              "id": "restaurant_booking",
              "name": "Book table at fine dining restaurant"
            },
            {
              "id": "private_chef",
              "name": "Hire private chef"
            }
          ],
          "type": "multiple_choice"
        },
        "completed": true,
        "created_at": "2025-11-29T16:07:48.473920"
      },
      {
        "id": "fa835ac0-b119-4718-9e9e-67c156661112",
        "stage_type": "final_confirmation",
        "data": {
          "question": "Confirm your birthday celebration plan:",
          "type": "confirmation"
        },
        "completed": false,
        "created_at": "2025-11-29T16:07:48.473920"
      }
    ],
    "context": {
      "destination": "coorg",
      "accommodation": "resort_1",
      "activities": [
        "sightseeing",
        "food_tour"
      ],
      "dining": [
        "cake_bakery",
        "restaurant_booking",
        "private_chef"
      ]
    },
    "current_stage_index": 4,
    "created_at": "2025-11-29T16:07:47.655559"
  },
  "created_at": "2025-11-29T16:08:08.058826",
  "expires_at": "2025-11-29T18:08:08.058826"
}