{
  "session_id": "5b9d9ac3-2364-4b2d-8153-92bf360d52fc",
  "data": {
    "session_id": "5b9d9ac3-2364-4b2d-8153-92bf360d52fc",
    "initial_intent": {
      "type": "birthday_party",
      "confidence": "high",
      "entities": {
        "event_type": "birthday_party",
        "requires_planning": true
      },
      "original_input": "I want to celebrate my birthday in Karnataka"
    },
    "stages": [
      {
        "id": "d519884b-46da-4ba1-aefb-f9da673f3323",
        "stage_type": "destination_selection",
        "data": {
          "question": "Where would you like to celebrate your birthday?",
          "options": [
            {
              "id": "goa",
              "name": "Goa",
              "description": "Beach paradise"
            },
            {
              "id": "manali",
              "name": "Manali",
              "description": "Mountain retreat"
            }
          ],
          "type": "single_choice",
          "user_input": "I want to celebrate my birthday in Karnataka"
        },
        "completed": false,
        "created_at": "2025-11-29T06:29:21.929285"
      },
      {
        "id": "cb4c10f6-bc0b-47f7-a6ec-33804acdbcba",
        "stage_type": "accommodation_selection",
        "data": {
          "question": "Choose your accommodation:",
          "options_template": "resorts_and_hotels",
          "type": "single_choice"
        },
        "completed": false,
        "created_at": "2025-11-29T06:29:21.929285"
      },
      {
        "id": "acd169c4-0401-487e-92c7-6094e0f1e0c9",
        "stage_type": "activities_selection",
        "data": {
          "question": "What activities would you like to include?",
          "options_template": "activities",
          "type": "multiple_choice"
        },
        "completed": false,
        "created_at": "2025-11-29T06:29:21.929285"
      },
      {
        "id": "d3fcd0f9-6744-4972-a992-587dceca546f",
        "stage_type": "dining_selection",
        "data": {
          "question": "Any special dining arrangements?",
          "options": [
            {
              "id": "cake_bakery",
              "name": "Order birthday cake from local bakery"
            },
            {
              "id": "restaurant_booking",
              "name": "Book table at fine dining restaurant"
            },
            {
              "id": "private_chef",
              "name": "Hire private chef"
            }
          ],
          "type": "multiple_choice"
        },
        "completed": false,
        "created_at": "2025-11-29T06:29:21.929285"
      },
      {
        "id": "6d8ab7e7-e7f0-41a9-b8d3-6842ccd01f92",
        "stage_type": "final_confirmation",
        "data": {
          "question": "Confirm your birthday celebration plan:",
          "type": "confirmation"
        },
        "completed": false,
        "created_at": "2025-11-29T06:29:21.929285"
      }
    ],
    "context": {},
    "current_stage_index": 0,
    "created_at": "2025-11-29T06:29:21.852532"
  },
  "created_at": "2025-11-29T06:29:21.929285",
  "expires_at": "2025-11-29T08:29:21.929285"
}