{
  "session_id": "5d5de0ae-b0e3-484c-893e-5a44e5e5dd9a",
  "data": {
    "session_id": "5d5de0ae-b0e3-484c-893e-5a44e5e5dd9a",
    "initial_intent": {
      "type": "general",
      "confidence": "low",
      "entities": {},
      "original_input": "yes"
    },
    "stages": [
      {
        "id": "a9d5b69d-c2d7-485f-bdb0-5c775caf086d",
        "stage_type": "final_confirmation",
        "data": {
          "question": "I understood: 'yes'. Confirm action:",
          "type": "confirmation"
        },
        "completed": false,
        "created_at": "2025-11-29T11:58:05.476388"
      }
    ],
    "context": {},
    "current_stage_index": 0,
    "created_at": "2025-11-29T11:58:04.997130"
  },
  "created_at": "2025-11-29T11:58:05.476388",
  "expires_at": "2025-11-29T13:58:05.476388"
}