{
  "session_id": "609c4ed1-1389-48f7-b90f-7941e80e3e51",
  "data": {
    "session_id": "609c4ed1-1389-48f7-b90f-7941e80e3e51",
    "initial_intent": {
      "type": "general",
      "confidence": "low",
      "entities": {},
      "original_input": "yes"
    },
    "stages": [
      {
        "id": "54d630a9-6466-4efe-a9f6-4afb3cbadc9d",
        "stage_type": "final_confirmation",
        "data": {
          "question": "I understood: 'yes'. Confirm action:",
          "type": "confirmation"
        },
        "completed": false,
        "created_at": "2025-11-29T12:05:28.780765"
      }
    ],
    "context": {},
    "current_stage_index": 0,
    "created_at": "2025-11-29T12:05:26.672113"
  },
  "created_at": "2025-11-29T12:05:28.780765",
  "expires_at": "2025-11-29T14:05:28.780765"
}