{
  "session_id": "629a7b29-8d03-4642-8c60-4a0c97a14bcc",
  "data": {
    "session_id": "629a7b29-8d03-4642-8c60-4a0c97a14bcc",
    "initial_intent": {
      "type": "meeting_scheduling",
      "confidence": "high",
      "entities": {
        "requires_participants": true,
        "requires_time_slot": true
      },
      "original_input": "Schedule meeting right now"
    },
    "stages": [
      {
        "id": "88e42fb1-776d-45a8-b7c7-a8a96719de44",
        "stage_type": "instant_execution",
        "data": {
          "question": "Creating your meeting now...",
          "type": "execution",
          "action": "create_instant_meeting"
        },
        "completed": false,
        "created_at": "2025-11-29T11:36:27.574984"
      }
    ],
    "context": {
      "platform": "google_meet"
    },
    "current_stage_index": 0,
    "created_at": "2025-11-29T11:36:27.574984"
  },
  "created_at": "2025-11-29T11:36:27.574984",
  "expires_at": "2025-11-29T13:36:27.574984"
}