{
  "session_id": "6cd3f93a-14b5-406f-bb79-af1b3905b904",
  "data": {
    "session_id": "6cd3f93a-14b5-406f-bb79-af1b3905b904",
    "initial_intent": {
      "type": "general",
      "confidence": "low",
      "entities": {},
      "original_input": "at 17:00"
    },
    "stages": [
      {
        "id": "7ff1df1e-e554-49db-9d20-8bd5b2e4f94d",
        "stage_type": "final_confirmation",
        "data": {
          "question": "I understood: 'at 17:00'. Confirm action:",
          "type": "confirmation"
        },
        "completed": false,
        "created_at": "2025-11-29T11:36:50.949434"
      }
    ],
    "context": {},
    "current_stage_index": 0,
    "created_at": "2025-11-29T11:36:47.965262"
  },
  "created_at": "2025-11-29T11:36:50.949434",
  "expires_at": "2025-11-29T13:36:50.949434"
}