{
  "session_id": "75023aa4-fc94-4513-887d-d0bbae8e060e",
  "data": {
    "session_id": "75023aa4-fc94-4513-887d-d0bbae8e060e",
    "initial_intent": {
      "type": "birthday_party",
      "confidence": "high",
      "entities": {
        "when": "this_weekend",
        "event_type": "birthday_party",
        "requires_planning": true
      },
      "original_input": "I need to enjoy my birthday this weekend"
    },
    "stages": [
      {
        "id": "14baecaa-0443-41a5-bd11-1a528cae8cad",
        "stage_type": "destination_selection",
        "data": {
          "question": "Where would you like to celebrate your birthday?",
          "options": [
            {
              "id": "goa",
              "name": "Goa",
              "description": "Beach paradise with nightlife"
            },
            {
              "id": "manali",
              "name": "Manali",
              "description": "Mountain retreat with adventure"
            },
            {
              "id": "udaipur",
              "name": "Udaipur",
              "description": "Royal palaces and lakes"
            },
            {
              "id": "gokarna",
              "name": "Gokarna",
              "description": "Peaceful beaches and temples"
            }
          ],
          "type": "single_choice"
        },
        "completed": true,
        "created_at": "2025-11-28T17:36:55.269334"
      },
      {
        "id": "0c2f9e01-2188-4ede-b1ce-c357ba500ce1",
        "stage_type": "accommodation_selection",
        "data": {
          "question": "Choose your accommodation:",
          "options_template": "resorts_and_hotels",
          "type": "single_choice",
          "options": [
            {
              "id": "taj_exotica",
              "name": "Taj Exotica Resort & Spa",
              "price": "\u20b915,000/night",
              "rating": "5\u2605"
            },
            {
              "id": "alila_diwa",
              "name": "Alila Diwa Goa",
              "price": "\u20b912,000/night",
              "rating": "5\u2605"
            },
            {
              "id": "park_hyatt",
              "name": "Park Hyatt Goa Resort",
              "price": "\u20b918,000/night",
              "rating": "5\u2605"
            },
            {
              "id": "w_goa",
              "name": "W Goa",
              "price": "\u20b920,000/night",
              "rating": "5\u2605"
            }
          ]
        },
        "completed": true,
        "created_at": "2025-11-28T17:36:55.269334"
      },
      {
        "id": "728a887f-bd13-4f95-b69f-d1c910c705d7",
        "stage_type": "activities_selection",
        "data": {
          "question": "What activities would you like to include?",
          "options_template": "activities",
          "type": "multiple_choice",
          "options": [
            {
              "id": "water_sports",
              "name": "Water Sports (Parasailing, Jet Ski)",
              "duration": "2 hours"
            },
            {
              "id": "beach_party",
              "name": "Private Beach Party",
              "duration": "Evening"
            },
            {
              "id": "dolphin_cruise",
              "name": "Dolphin Watching Cruise",
              "duration": "3 hours"
            },
            {
              "id": "fort_tour",
              "name": "Historical Fort Tour",
              "duration": "4 hours"
            },
            {
              "id": "spice_plantation",
              "name": "Spice Plantation Visit",
              "duration": "3 hours"
            }
          ]
        },
        "completed": true,
        "created_at": "2025-11-28T17:36:55.269334"
      },
      {
        "id": "7bd96858-0912-4b4a-8f65-b90be9dc43eb",
        "stage_type": "dining_selection",
        "data": {
          "question": "Any special dining arrangements?",
          "options": [
            {
              "id": "cake_bakery",
              "name": "Order birthday cake from local bakery"
            },
            {
              "id": "restaurant_booking",
              "name": "Book table at fine dining restaurant"
            },
            {
              "id": "private_chef",
              "name": "Hire private chef"
            }
          ],
          "type": "multiple_choice"
        },
        "completed": true,
        "created_at": "2025-11-28T17:36:55.269334"
      },
      {
        "id": "74d317eb-4430-4977-93b7-4d9612864040",
        "stage_type": "final_confirmation",
        "data": {
          "question": "Confirm your birthday celebration plan:",
          "type": "confirmation"
        },
        "completed": false,
        "created_at": "2025-11-28T17:36:55.269334"
      }
    ],
    "context": {
      "destination": "goa",
      "accommodation": {
        "id": "alila_diwa",
        "name": "Alila Diwa Goa",
        "price": "\u20b912,000/night",
        "rating": "5\u2605"
      },
      "activities": [
        {
          "id": "beach_party",
          "name": "Private Beach Party",
          "duration": "Evening"
        }
      ],
      "dining": [
        {
          "id": "cake_bakery",
          "name": "Order birthday cake from local bakery"
        },
        {
          "id": "restaurant_booking",
          "name": "Book table at fine dining restaurant"
        }
      ]
    },
    "current_stage_index": 4,
    "created_at": "2025-11-28T17:36:55.269334"
  },
  "created_at": "2025-11-28T17:37:15.734044",
  "expires_at": "2025-11-28T19:37:15.734044"
}