{
  "session_id": "776ab754-498e-42a7-b725-4278e5a3f9db",
  "data": {
    "session_id": "776ab754-498e-42a7-b725-4278e5a3f9db",
    "initial_intent": {
      "type": "meeting_scheduling",
      "confidence": "high",
      "entities": {
        "requires_participants": true,
        "requires_time_slot": true
      },
      "original_input": "Schedule a meeting"
    },
    "stages": [
      {
        "id": "1e66300c-33e4-42d9-aeff-ac195bae3813",
        "stage_type": "platform_selection",
        "data": {
          "question": "How would you like to meet?",
          "options": [
            {
              "id": "zoom",
              "name": "Zoom Meeting"
            },
            {
              "id": "google_meet",
              "name": "Google Meet"
            },
            {
              "id": "phone",
              "name": "Phone Call"
            },
            {
              "id": "in_person",
              "name": "In Person"
            }
          ],
          "type": "single_choice"
        },
        "completed": true,
        "created_at": "2025-11-29T07:54:40.422822"
      },
      {
        "id": "8f38d1c7-5c8c-41d6-9613-9a5e855d4cca",
        "stage_type": "participant_details",
        "data": {
          "question": "Who are you meeting with? Provide emails or phone numbers or telegram ID's.",
          "type": "text_input"
        },
        "completed": true,
        "created_at": "2025-11-29T07:54:40.422822"
      },
      {
        "id": "06131835-ea02-4365-a575-6a11fe5f6f6a",
        "stage_type": "final_confirmation",
        "data": {
          "question": "Confirm meeting details:",
          "type": "confirmation",
          "actions": [
            "schedule_zoom",
            "send_telegram",
            "add_calendar"
          ]
        },
        "completed": false,
        "created_at": "2025-11-29T07:54:40.422822"
      }
    ],
    "context": {
      "platform": "zoom",
      "participants": "@witez2112"
    },
    "current_stage_index": 2,
    "created_at": "2025-11-29T07:54:40.422822"
  },
  "created_at": "2025-11-29T07:54:59.964037",
  "expires_at": "2025-11-29T09:54:59.964037"
}