{
  "session_id": "7a24a715-912a-4d57-a747-342b380359ad",
  "data": {
    "session_id": "7a24a715-912a-4d57-a747-342b380359ad",
    "initial_intent": {
      "type": "meeting_scheduling",
      "confidence": "high",
      "entities": {
        "requires_participants": true,
        "requires_time_slot": true
      },
      "original_input": "Schedule meeting right now"
    },
    "stages": [
      {
        "id": "2392baab-7441-489c-8eb4-27bd8465fa56",
        "stage_type": "instant_execution",
        "data": {
          "question": "Creating your meeting now...",
          "type": "execution",
          "action": "create_instant_meeting"
        },
        "completed": false,
        "created_at": "2025-11-29T11:43:11.461222"
      }
    ],
    "context": {
      "platform": "google_meet"
    },
    "current_stage_index": 0,
    "created_at": "2025-11-29T11:43:11.461222"
  },
  "created_at": "2025-11-29T11:43:11.462020",
  "expires_at": "2025-11-29T13:43:11.462020"
}