{
  "session_id": "7dfbda00-4747-4378-b5e3-94e481499955",
  "data": {
    "session_id": "7dfbda00-4747-4378-b5e3-94e481499955",
    "initial_intent": {
      "type": "general",
      "confidence": "low",
      "entities": {},
      "original_input": "yes"
    },
    "stages": [
      {
        "id": "ffe5be4e-4f48-4c95-8420-14175605d785",
        "stage_type": "final_confirmation",
        "data": {
          "question": "I understood: 'yes'. Confirm action:",
          "type": "confirmation"
        },
        "completed": false,
        "created_at": "2025-11-29T12:06:30.850837"
      }
    ],
    "context": {},
    "current_stage_index": 0,
    "created_at": "2025-11-29T12:06:29.683870"
  },
  "created_at": "2025-11-29T12:06:30.850837",
  "expires_at": "2025-11-29T14:06:30.850837"
}