{
  "session_id": "7f3e777e-9f83-4b44-899e-75661d79e375",
  "data": {
    "session_id": "7f3e777e-9f83-4b44-899e-75661d79e375",
    "initial_intent": {
      "type": "meeting_scheduling",
      "confidence": "high",
      "entities": {
        "when": "tomorrow",
        "time": "2 pm",
        "requires_participants": true,
        "requires_time_slot": true
      },
      "original_input": "Schedule a meeting tomorrow at 2 pm"
    },
    "stages": [
      {
        "id": "4c06fc4f-5815-4d8a-bbe3-181717137e11",
        "stage_type": "platform_selection",
        "data": {
          "question": "How would you like to meet?",
          "options": [
            {
              "id": "zoom",
              "name": "Zoom Meeting"
            },
            {
              "id": "google_meet",
              "name": "Google Meet"
            },
            {
              "id": "phone",
              "name": "Phone Call"
            },
            {
              "id": "in_person",
              "name": "In Person"
            }
          ],
          "type": "single_choice"
        },
        "completed": true,
        "created_at": "2025-11-28T17:12:37.588305"
      },
      {
        "id": "081cfcfc-196b-4d44-85e4-fc4f3ce6ae8b",
        "stage_type": "participant_details",
        "data": {
          "question": "Who are you meeting with? Please provide emails or phone numbers.",
          "type": "text_input"
        },
        "completed": true,
        "created_at": "2025-11-28T17:12:37.588305"
      },
      {
        "id": "2c0cbe0a-d163-4514-beb4-721dd046936d",
        "stage_type": "final_confirmation",
        "data": {
          "question": "Confirm meeting details:",
          "type": "confirmation",
          "actions": [
            "schedule_zoom",
            "send_email",
            "add_calendar"
          ]
        },
        "completed": false,
        "created_at": "2025-11-28T17:12:37.588305"
      }
    ],
    "context": {
      "platform": "zoom",
      "participants": "traderlighter11@gmail.com"
    },
    "current_stage_index": 2,
    "created_at": "2025-11-28T17:12:37.587284"
  },
  "created_at": "2025-11-28T17:13:04.757633",
  "expires_at": "2025-11-28T19:13:04.757633"
}