{
  "session_id": "816c17a9-002b-49f1-826f-be36f6bd7522",
  "data": {
    "session_id": "816c17a9-002b-49f1-826f-be36f6bd7522",
    "initial_intent": {
      "type": "birthday_party",
      "confidence": "high",
      "entities": {
        "event_type": "birthday_party",
        "requires_planning": true
      },
      "original_input": "I want to celebrate my birthday in Karnataka"
    },
    "stages": [
      {
        "id": "0be57e51-aaf7-4e78-b1e6-45489c5640c7",
        "stage_type": "destination_selection",
        "data": {
          "question": "Where would you like to celebrate your birthday?",
          "options": [
            {
              "id": "goa",
              "name": "Goa",
              "description": "Beach paradise"
            },
            {
              "id": "manali",
              "name": "Manali",
              "description": "Mountain retreat"
            }
          ],
          "type": "single_choice",
          "user_input": "I want to celebrate my birthday in Karnataka"
        },
        "completed": false,
        "created_at": "2025-11-29T06:32:33.989033"
      },
      {
        "id": "e810b1c2-2aaf-4b85-9f98-68f5572cd7e4",
        "stage_type": "accommodation_selection",
        "data": {
          "question": "Choose your accommodation:",
          "options_template": "resorts_and_hotels",
          "type": "single_choice"
        },
        "completed": false,
        "created_at": "2025-11-29T06:32:33.989033"
      },
      {
        "id": "dbe4d32c-a989-42d1-af59-29888a551424",
        "stage_type": "activities_selection",
        "data": {
          "question": "What activities would you like to include?",
          "options_template": "activities",
          "type": "multiple_choice"
        },
        "completed": false,
        "created_at": "2025-11-29T06:32:33.989033"
      },
      {
        "id": "51fed67f-edd7-44a9-9cd8-bc18a800b9bd",
        "stage_type": "dining_selection",
        "data": {
          "question": "Any special dining arrangements?",
          "options": [
            {
              "id": "cake_bakery",
              "name": "Order birthday cake from local bakery"
            },
            {
              "id": "restaurant_booking",
              "name": "Book table at fine dining restaurant"
            },
            {
              "id": "private_chef",
              "name": "Hire private chef"
            }
          ],
          "type": "multiple_choice"
        },
        "completed": false,
        "created_at": "2025-11-29T06:32:33.989033"
      },
      {
        "id": "875ab0de-3b45-4b96-855f-3af7a9e04c3e",
        "stage_type": "final_confirmation",
        "data": {
          "question": "Confirm your birthday celebration plan:",
          "type": "confirmation"
        },
        "completed": false,
        "created_at": "2025-11-29T06:32:33.989033"
      }
    ],
    "context": {},
    "current_stage_index": 0,
    "created_at": "2025-11-29T06:32:33.879795"
  },
  "created_at": "2025-11-29T06:32:33.989033",
  "expires_at": "2025-11-29T08:32:33.989033"
}