{
  "session_id": "91a5ed41-e3e0-4f02-b1f3-d1b30ea6deb2",
  "data": {
    "session_id": "91a5ed41-e3e0-4f02-b1f3-d1b30ea6deb2",
    "initial_intent": {
      "type": "birthday_party",
      "confidence": "high",
      "entities": {
        "when": "this_weekend",
        "event_type": "birthday_party",
        "requires_planning": true
      },
      "original_input": "I need to enjoy my birthday this weekend"
    },
    "stages": [
      {
        "id": "d495e32f-4fd2-4327-84d2-166636ba6331",
        "stage_type": "destination_selection",
        "data": {
          "question": "Where would you like to celebrate your birthday?",
          "options": [
            {
              "id": "goa",
              "name": "Goa",
              "description": "Beach paradise"
            },
            {
              "id": "manali",
              "name": "Manali",
              "description": "Mountain retreat"
            }
          ],
          "type": "single_choice",
          "user_input": "I need to enjoy my birthday this weekend"
        },
        "completed": false,
        "created_at": "2025-11-29T06:31:17.519024"
      },
      {
        "id": "06fbb0a6-9551-41d0-9aea-b2d247690cc4",
        "stage_type": "accommodation_selection",
        "data": {
          "question": "Choose your accommodation:",
          "options_template": "resorts_and_hotels",
          "type": "single_choice"
        },
        "completed": false,
        "created_at": "2025-11-29T06:31:17.519024"
      },
      {
        "id": "88c31b15-56f8-42e5-bb67-3de34307e164",
        "stage_type": "activities_selection",
        "data": {
          "question": "What activities would you like to include?",
          "options_template": "activities",
          "type": "multiple_choice"
        },
        "completed": false,
        "created_at": "2025-11-29T06:31:17.519024"
      },
      {
        "id": "76ab7995-2235-4baf-a494-f1f28a60ab8f",
        "stage_type": "dining_selection",
        "data": {
          "question": "Any special dining arrangements?",
          "options": [
            {
              "id": "cake_bakery",
              "name": "Order birthday cake from local bakery"
            },
            {
              "id": "restaurant_booking",
              "name": "Book table at fine dining restaurant"
            },
            {
              "id": "private_chef",
              "name": "Hire private chef"
            }
          ],
          "type": "multiple_choice"
        },
        "completed": false,
        "created_at": "2025-11-29T06:31:17.519024"
      },
      {
        "id": "e9e1016f-19aa-4567-835a-edc6e88229b4",
        "stage_type": "final_confirmation",
        "data": {
          "question": "Confirm your birthday celebration plan:",
          "type": "confirmation"
        },
        "completed": false,
        "created_at": "2025-11-29T06:31:17.519024"
      }
    ],
    "context": {},
    "current_stage_index": 0,
    "created_at": "2025-11-29T06:31:17.518044"
  },
  "created_at": "2025-11-29T06:31:17.519024",
  "expires_at": "2025-11-29T08:31:17.519024"
}