{
  "session_id": "9757060b-44d0-4739-8c1a-0b026acadc12",
  "data": {
    "session_id": "9757060b-44d0-4739-8c1a-0b026acadc12",
    "initial_intent": {
      "type": "meeting_scheduling",
      "confidence": "high",
      "entities": {
        "when": "tomorrow",
        "time": "10 pm",
        "requires_participants": true,
        "requires_time_slot": true
      },
      "original_input": "Schedule a meeting tomorrow at 10 pm"
    },
    "stages": [
      {
        "id": "7f69b5e4-d725-488c-942c-8002672e9e23",
        "stage_type": "platform_selection",
        "data": {
          "question": "How would you like to meet?",
          "options": [
            {
              "id": "zoom",
              "name": "Zoom Meeting"
            },
            {
              "id": "google_meet",
              "name": "Google Meet"
            },
            {
              "id": "phone",
              "name": "Phone Call"
            },
            {
              "id": "in_person",
              "name": "In Person"
            }
          ],
          "type": "single_choice"
        },
        "completed": true,
        "created_at": "2025-11-29T06:32:33.991009"
      },
      {
        "id": "94d6f443-ea8e-491a-80c6-a4ed07f07877",
        "stage_type": "participant_details",
        "data": {
          "question": "Who are you meeting with? Please provide emails or phone numbers.",
          "type": "text_input"
        },
        "completed": true,
        "created_at": "2025-11-29T06:32:33.991009"
      },
      {
        "id": "80d4fd6e-d429-4166-be64-97da30ae844f",
        "stage_type": "final_confirmation",
        "data": {
          "question": "Confirm meeting details:",
          "type": "confirmation",
          "actions": [
            "schedule_zoom",
            "send_email",
            "add_calendar"
          ]
        },
        "completed": false,
        "created_at": "2025-11-29T06:32:33.991009"
      }
    ],
    "context": {
      "platform": "zoom",
      "participants": "traderlighter11@gmail.com"
    },
    "current_stage_index": 2,
    "created_at": "2025-11-29T06:32:33.991009"
  },
  "created_at": "2025-11-29T06:44:10.155536",
  "expires_at": "2025-11-29T08:44:10.155536"
}