{
  "session_id": "9bf81c19-ea45-430c-a481-bd26d60623c5",
  "data": {
    "session_id": "9bf81c19-ea45-430c-a481-bd26d60623c5",
    "initial_intent": {
      "type": "birthday_party",
      "confidence": "high",
      "entities": {
        "when": "this_weekend",
        "event_type": "birthday_party",
        "requires_planning": true
      },
      "original_input": "I need to enjoy my birthday this weekend in america"
    },
    "stages": [
      {
        "id": "3d6ffb1a-7fc9-402d-9b9d-186de232a9e3",
        "stage_type": "destination_selection",
        "data": {
          "question": "Where would you like to celebrate your birthday?",
          "options": [
            {
              "id": "coorg",
              "name": "Coorg",
              "description": "Coffee plantations"
            },
            {
              "id": "hampi",
              "name": "Hampi",
              "description": "Ancient ruins"
            },
            {
              "id": "gokarna",
              "name": "Gokarna",
              "description": "Beach town"
            },
            {
              "id": "chikmagalur",
              "name": "Chikmagalur",
              "description": "Hill station"
            }
          ],
          "type": "single_choice",
          "user_input": "I need to enjoy my birthday this weekend in america"
        },
        "completed": true,
        "created_at": "2025-11-29T16:06:45.172834"
      },
      {
        "id": "b0260328-de3e-400c-b738-6e229318a22a",
        "stage_type": "accommodation_selection",
        "data": {
          "question": "Choose your accommodation:",
          "options_template": "resorts_and_hotels",
          "type": "single_choice",
          "options": [
            {
              "id": "resort_1",
              "name": "Grand gokarna Resort",
              "description": "Luxury stay"
            },
            {
              "id": "hotel_1",
              "name": "gokarna City Hotel",
              "description": "Central location"
            }
          ]
        },
        "completed": true,
        "created_at": "2025-11-29T16:06:45.172834"
      },
      {
        "id": "93257589-d8c0-4cbd-ba42-bcea9a6de51d",
        "stage_type": "activities_selection",
        "data": {
          "question": "What activities would you like to include?",
          "options_template": "activities",
          "type": "multiple_choice",
          "options": [
            {
              "id": "sightseeing",
              "name": "City Sightseeing",
              "description": "Tour of main attractions"
            },
            {
              "id": "food_tour",
              "name": "Local Food Tour",
              "description": "Taste local delicacies"
            }
          ]
        },
        "completed": true,
        "created_at": "2025-11-29T16:06:45.172834"
      },
      {
        "id": "6ebe35bd-448a-4298-879a-7dd9521257b6",
        "stage_type": "dining_selection",
        "data": {
          "question": "Any special dining arrangements?",
          "options": [
            {
              "id": "cake_bakery",
              "name": "Order birthday cake from local bakery"
            },
            {
              "id": "restaurant_booking",
              "name": "Book table at fine dining restaurant"
            },
            {
              "id": "private_chef",
              "name": "Hire private chef"
            }
          ],
          "type": "multiple_choice"
        },
        "completed": true,
        "created_at": "2025-11-29T16:06:45.172834"
      },
      {
        "id": "03cc8caa-4e3d-4881-9222-f41eef63fb41",
        "stage_type": "final_confirmation",
        "data": {
          "question": "Confirm your birthday celebration plan:",
          "type": "confirmation"
        },
        "completed": false,
        "created_at": "2025-11-29T16:06:45.172834"
      }
    ],
    "context": {
      "destination": "gokarna",
      "accommodation": "resort_1",
      "activities": [
        "sightseeing",
        "food_tour"
      ],
      "dining": [
        "cake_bakery",
        "restaurant_booking"
      ]
    },
    "current_stage_index": 4,
    "created_at": "2025-11-29T16:06:44.119053"
  },
  "created_at": "2025-11-29T16:07:07.424750",
  "expires_at": "2025-11-29T18:07:07.424750"
}