{
  "session_id": "9ce0a683-0148-400a-8e05-9adab9832a96",
  "data": {
    "session_id": "9ce0a683-0148-400a-8e05-9adab9832a96",
    "initial_intent": {
      "type": "meeting_scheduling",
      "original_input": "Schedule a Zoom meeting with Alice"
    },
    "stages": [
      {
        "id": "a7e31e35-b0f9-4067-8232-c11b5c6135a2",
        "stage_type": "platform_selection",
        "data": {
          "question": "How would you like to meet?",
          "options": [
            {
              "id": "zoom",
              "name": "Zoom Meeting"
            },
            {
              "id": "google_meet",
              "name": "Google Meet"
            },
            {
              "id": "phone",
              "name": "Phone Call"
            },
            {
              "id": "in_person",
              "name": "In Person"
            }
          ],
          "type": "single_choice"
        },
        "completed": true,
        "created_at": "2025-11-29T07:33:44.608861"
      },
      {
        "id": "dc17d09f-ece7-45b7-beb5-df221e2884af",
        "stage_type": "participant_details",
        "data": {
          "question": "Who are you meeting with? Provide emails or phone numbers.",
          "type": "text_input"
        },
        "completed": true,
        "created_at": "2025-11-29T07:33:44.608861"
      },
      {
        "id": "ff3ea93c-9b01-4e42-8fc1-43bf67ec817d",
        "stage_type": "final_confirmation",
        "data": {
          "question": "Confirm meeting details:",
          "type": "confirmation",
          "actions": [
            "schedule_zoom",
            "send_telegram",
            "add_calendar"
          ]
        },
        "completed": false,
        "created_at": "2025-11-29T07:33:44.608861"
      }
    ],
    "context": {
      "platform": "zoom",
      "participants": "Alice (alice@example.com)"
    },
    "current_stage_index": 2,
    "created_at": "2025-11-29T07:33:44.608861"
  },
  "created_at": "2025-11-29T07:33:44.611593",
  "expires_at": "2025-11-29T09:33:44.611593"
}