{
  "session_id": "a2ac2334-b275-4cfb-ad90-80696a270ddd",
  "data": {
    "session_id": "a2ac2334-b275-4cfb-ad90-80696a270ddd",
    "initial_intent": {
      "type": "birthday_party",
      "confidence": "high",
      "entities": {
        "when": "this_weekend",
        "event_type": "birthday_party",
        "requires_planning": true
      },
      "original_input": "I need to enjoy my birthday this weekend in Karnataka"
    },
    "stages": [
      {
        "id": "5248399e-a6f6-484b-8ef9-4430db8d1ab6",
        "stage_type": "destination_selection",
        "data": {
          "question": "Where would you like to celebrate your birthday?",
          "options": [
            {
              "id": "goa",
              "name": "Goa",
              "description": "Beach paradise with nightlife"
            },
            {
              "id": "manali",
              "name": "Manali",
              "description": "Mountain retreat with adventure"
            },
            {
              "id": "udaipur",
              "name": "Udaipur",
              "description": "Royal palaces and lakes"
            },
            {
              "id": "gokarna",
              "name": "Gokarna",
              "description": "Peaceful beaches and temples"
            }
          ],
          "type": "single_choice"
        },
        "completed": false,
        "created_at": "2025-11-28T17:23:51.293709"
      },
      {
        "id": "7f77fb21-e83d-43d1-af45-eef95725418c",
        "stage_type": "accommodation_selection",
        "data": {
          "question": "Choose your accommodation:",
          "options_template": "resorts_and_hotels",
          "type": "single_choice"
        },
        "completed": false,
        "created_at": "2025-11-28T17:23:51.293709"
      },
      {
        "id": "c6c02ddc-9f11-4d0d-bbe8-7a65477f8700",
        "stage_type": "activities_selection",
        "data": {
          "question": "What activities would you like to include?",
          "options_template": "activities",
          "type": "multiple_choice"
        },
        "completed": false,
        "created_at": "2025-11-28T17:23:51.293709"
      },
      {
        "id": "dab492a1-c4a2-47b6-a1ff-c596dc34cf08",
        "stage_type": "dining_selection",
        "data": {
          "question": "Any special dining arrangements?",
          "options": [
            {
              "id": "cake_bakery",
              "name": "Order birthday cake from local bakery"
            },
            {
              "id": "restaurant_booking",
              "name": "Book table at fine dining restaurant"
            },
            {
              "id": "private_chef",
              "name": "Hire private chef"
            }
          ],
          "type": "multiple_choice"
        },
        "completed": false,
        "created_at": "2025-11-28T17:23:51.293709"
      },
      {
        "id": "a73f280b-60cc-45eb-857c-6306bc698a97",
        "stage_type": "final_confirmation",
        "data": {
          "question": "Confirm your birthday celebration plan:",
          "type": "confirmation"
        },
        "completed": false,
        "created_at": "2025-11-28T17:23:51.293709"
      }
    ],
    "context": {},
    "current_stage_index": 0,
    "created_at": "2025-11-28T17:23:51.293709"
  },
  "created_at": "2025-11-28T17:23:51.293709",
  "expires_at": "2025-11-28T19:23:51.293709"
}