{
  "session_id": "a3d5d3db-56a2-4c9f-85ee-f49322e6e001",
  "data": {
    "session_id": "a3d5d3db-56a2-4c9f-85ee-f49322e6e001",
    "initial_intent": {
      "type": "birthday_party",
      "confidence": "high",
      "entities": {
        "event_type": "birthday_party",
        "requires_planning": true
      },
      "original_input": "I want to celebrate my birthday in Karnataka"
    },
    "stages": [
      {
        "id": "ae5f2ef6-f700-442d-9904-155a176fa2bf",
        "stage_type": "destination_selection",
        "data": {
          "question": "Where would you like to celebrate your birthday?",
          "options": [
            {
              "id": "goa",
              "name": "Goa",
              "description": "Beach paradise"
            },
            {
              "id": "manali",
              "name": "Manali",
              "description": "Mountain retreat"
            }
          ],
          "type": "single_choice",
          "user_input": "I want to celebrate my birthday in Karnataka"
        },
        "completed": false,
        "created_at": "2025-11-29T06:29:05.293116"
      },
      {
        "id": "ac3a3f8d-9b54-4cbf-9dac-e81e3dbdc54e",
        "stage_type": "accommodation_selection",
        "data": {
          "question": "Choose your accommodation:",
          "options_template": "resorts_and_hotels",
          "type": "single_choice"
        },
        "completed": false,
        "created_at": "2025-11-29T06:29:05.293116"
      },
      {
        "id": "20c9e768-8ecb-48df-a7df-b6a34eaa1d99",
        "stage_type": "activities_selection",
        "data": {
          "question": "What activities would you like to include?",
          "options_template": "activities",
          "type": "multiple_choice"
        },
        "completed": false,
        "created_at": "2025-11-29T06:29:05.293116"
      },
      {
        "id": "331bc254-02e2-4d31-b83b-999b27ed7aa0",
        "stage_type": "dining_selection",
        "data": {
          "question": "Any special dining arrangements?",
          "options": [
            {
              "id": "cake_bakery",
              "name": "Order birthday cake from local bakery"
            },
            {
              "id": "restaurant_booking",
              "name": "Book table at fine dining restaurant"
            },
            {
              "id": "private_chef",
              "name": "Hire private chef"
            }
          ],
          "type": "multiple_choice"
        },
        "completed": false,
        "created_at": "2025-11-29T06:29:05.293116"
      },
      {
        "id": "04d6b425-9a0a-4c08-97b9-cd642db7f335",
        "stage_type": "final_confirmation",
        "data": {
          "question": "Confirm your birthday celebration plan:",
          "type": "confirmation"
        },
        "completed": false,
        "created_at": "2025-11-29T06:29:05.293116"
      }
    ],
    "context": {},
    "current_stage_index": 0,
    "created_at": "2025-11-29T06:29:04.815788"
  },
  "created_at": "2025-11-29T06:29:05.293116",
  "expires_at": "2025-11-29T08:29:05.293116"
}