{
  "session_id": "a722b2ac-be77-462d-af7d-acb9619e7d8d",
  "data": {
    "session_id": "a722b2ac-be77-462d-af7d-acb9619e7d8d",
    "initial_intent": {
      "type": "meeting_scheduling",
      "original_input": "Schedule a Zoom meeting with Alice"
    },
    "stages": [
      {
        "id": "419dcb02-9407-4cdc-896b-5bd6a21e210d",
        "stage_type": "platform_selection",
        "data": {
          "question": "How would you like to meet?",
          "options": [
            {
              "id": "zoom",
              "name": "Zoom Meeting"
            },
            {
              "id": "google_meet",
              "name": "Google Meet"
            },
            {
              "id": "phone",
              "name": "Phone Call"
            },
            {
              "id": "in_person",
              "name": "In Person"
            }
          ],
          "type": "single_choice"
        },
        "completed": true,
        "created_at": "2025-11-29T07:35:51.051501"
      },
      {
        "id": "0c9969d3-5c2a-46da-a533-6e4cbbe3625f",
        "stage_type": "participant_details",
        "data": {
          "question": "Who are you meeting with? Provide emails or phone numbers.",
          "type": "text_input"
        },
        "completed": true,
        "created_at": "2025-11-29T07:35:51.052046"
      },
      {
        "id": "0a585158-702d-4de7-94ff-d2ada7ef1692",
        "stage_type": "final_confirmation",
        "data": {
          "question": "Confirm meeting details:",
          "type": "confirmation",
          "actions": [
            "schedule_zoom",
            "send_telegram",
            "add_calendar"
          ]
        },
        "completed": false,
        "created_at": "2025-11-29T07:35:51.052046"
      }
    ],
    "context": {
      "platform": "zoom",
      "participants": "Alice (alice@example.com)"
    },
    "current_stage_index": 2,
    "created_at": "2025-11-29T07:35:51.051501"
  },
  "created_at": "2025-11-29T07:35:51.060244",
  "expires_at": "2025-11-29T09:35:51.060244"
}