{
  "session_id": "bccf6728-a7ef-44ea-977a-a185af9170dc",
  "data": {
    "session_id": "bccf6728-a7ef-44ea-977a-a185af9170dc",
    "initial_intent": {
      "type": "meeting_scheduling",
      "confidence": "high",
      "entities": {
        "when": "tomorrow",
        "time": "2pm",
        "requires_participants": true,
        "requires_time_slot": true
      },
      "original_input": "Schedule a Meeting for tomorrow at 2pm"
    },
    "stages": [
      {
        "id": "da9627a5-a00d-4ae9-8a02-50033d618c9f",
        "stage_type": "participant_details",
        "data": {
          "question": "Who are you meeting with? Provide emails or phone numbers or telegram ID's.",
          "type": "text_input"
        },
        "completed": true,
        "created_at": "2025-11-29T14:51:22.711964"
      },
      {
        "id": "2262c6e0-afca-4dca-9d16-89f838000c63",
        "stage_type": "final_confirmation",
        "data": {
          "question": "Confirm meeting details:",
          "type": "confirmation",
          "actions": [
            "schedule_zoom",
            "send_telegram",
            "add_calendar"
          ]
        },
        "completed": false,
        "created_at": "2025-11-29T14:51:22.711964"
      }
    ],
    "context": {
      "platform": "google_meet",
      "participants": "cfhghj"
    },
    "current_stage_index": 1,
    "created_at": "2025-11-29T14:51:22.632793"
  },
  "created_at": "2025-11-29T14:51:38.750913",
  "expires_at": "2025-11-29T16:51:38.750913"
}