{
  "session_id": "c055fb3a-2883-459d-bfd0-7133c1e8496b",
  "data": {
    "session_id": "c055fb3a-2883-459d-bfd0-7133c1e8496b",
    "initial_intent": {
      "type": "general",
      "confidence": "low",
      "entities": {},
      "original_input": "Create meeting"
    },
    "stages": [
      {
        "id": "9e09516a-b4b8-4e87-be6a-ff2f661da4da",
        "stage_type": "final_confirmation",
        "data": {
          "question": "Confirm action:",
          "type": "confirmation"
        },
        "completed": false,
        "created_at": "2025-11-29T07:57:16.337197"
      }
    ],
    "context": {},
    "current_stage_index": 0,
    "created_at": "2025-11-29T07:57:16.337197"
  },
  "created_at": "2025-11-29T07:57:16.337197",
  "expires_at": "2025-11-29T09:57:16.337197"
}