{
  "session_id": "c8b19d61-9154-4db6-879c-52e34796ae6d",
  "data": {
    "session_id": "c8b19d61-9154-4db6-879c-52e34796ae6d",
    "initial_intent": {
      "type": "general",
      "confidence": "low",
      "entities": {},
      "original_input": "yes"
    },
    "stages": [
      {
        "id": "39ef2347-02f1-493b-9015-ea55c588c192",
        "stage_type": "final_confirmation",
        "data": {
          "question": "I understood: 'yes'. Confirm action:",
          "type": "confirmation"
        },
        "completed": false,
        "created_at": "2025-11-29T11:29:46.581166"
      }
    ],
    "context": {},
    "current_stage_index": 0,
    "created_at": "2025-11-29T11:29:44.229534"
  },
  "created_at": "2025-11-29T11:29:46.581166",
  "expires_at": "2025-11-29T13:29:46.581166"
}