{
  "session_id": "d1217166-bf0b-412d-a12a-62f63018926d",
  "data": {
    "session_id": "d1217166-bf0b-412d-a12a-62f63018926d",
    "initial_intent": {
      "type": "general",
      "confidence": "low",
      "entities": {},
      "original_input": "now"
    },
    "stages": [
      {
        "id": "a9f14d4f-ef65-4369-aff7-e438bf153958",
        "stage_type": "final_confirmation",
        "data": {
          "question": "I understood: 'now'. Confirm action:",
          "type": "confirmation"
        },
        "completed": false,
        "created_at": "2025-11-29T14:53:15.088310"
      }
    ],
    "context": {},
    "current_stage_index": 0,
    "created_at": "2025-11-29T14:53:13.699154"
  },
  "created_at": "2025-11-29T14:53:15.088310",
  "expires_at": "2025-11-29T16:53:15.088310"
}