{
  "session_id": "d9937f2b-59b4-42a1-9454-70a4df1e3406",
  "data": {
    "session_id": "d9937f2b-59b4-42a1-9454-70a4df1e3406",
    "initial_intent": {
      "type": "meeting_scheduling",
      "confidence": "high",
      "entities": {
        "when": "tomorrow",
        "time": "2pm",
        "requires_participants": true,
        "requires_time_slot": true
      },
      "original_input": "Schedule the meeting fo tomorrow at 2pm"
    },
    "stages": [
      {
        "id": "81ccaf92-b25f-4d6c-af05-f2c87f38bd52",
        "stage_type": "platform_selection",
        "data": {
          "question": "How would you like to meet?",
          "options": [
            {
              "id": "zoom",
              "name": "Zoom Meeting"
            },
            {
              "id": "google_meet",
              "name": "Google Meet"
            },
            {
              "id": "phone",
              "name": "Phone Call"
            },
            {
              "id": "in_person",
              "name": "In Person"
            }
          ],
          "type": "single_choice"
        },
        "completed": false,
        "created_at": "2025-11-29T07:32:47.930066"
      },
      {
        "id": "879091cd-0496-4a8b-81fc-0c757964ff78",
        "stage_type": "participant_details",
        "data": {
          "question": "Who are you meeting with? Provide emails or phone numbers.",
          "type": "text_input"
        },
        "completed": false,
        "created_at": "2025-11-29T07:32:47.930066"
      },
      {
        "id": "f2035947-6333-4b55-a9ab-97e40555412e",
        "stage_type": "final_confirmation",
        "data": {
          "question": "Confirm meeting details:",
          "type": "confirmation",
          "actions": [
            "schedule_zoom",
            "send_telegram",
            "add_calendar"
          ]
        },
        "completed": false,
        "created_at": "2025-11-29T07:32:47.930066"
      }
    ],
    "context": {},
    "current_stage_index": 0,
    "created_at": "2025-11-29T07:32:47.930066"
  },
  "created_at": "2025-11-29T07:32:47.930066",
  "expires_at": "2025-11-29T09:32:47.930066"
}