{
  "session_id": "e49084e2-c5a0-4cf9-8073-12170baf09b2",
  "data": {
    "session_id": "e49084e2-c5a0-4cf9-8073-12170baf09b2",
    "initial_intent": {
      "type": "general",
      "confidence": "low",
      "entities": {},
      "original_input": "Create a meeting for now"
    },
    "stages": [
      {
        "id": "5d59bee2-d56b-4490-b8a2-7acd470352bd",
        "stage_type": "final_confirmation",
        "data": {
          "question": "I understood: 'Create a meeting for now'. Confirm action:",
          "type": "confirmation"
        },
        "completed": false,
        "created_at": "2025-11-29T12:02:45.302905"
      }
    ],
    "context": {},
    "current_stage_index": 0,
    "created_at": "2025-11-29T12:02:43.591003"
  },
  "created_at": "2025-11-29T12:03:03.265590",
  "expires_at": "2025-11-29T14:03:03.265590"
}