{
  "session_id": "e69336ba-4fa0-461e-9941-8ea04430ea51",
  "data": {
    "session_id": "e69336ba-4fa0-461e-9941-8ea04430ea51",
    "initial_intent": {
      "type": "general",
      "confidence": "low",
      "entities": {},
      "original_input": "Arrange a meeting"
    },
    "stages": [
      {
        "id": "b5ae5fe7-51be-4f97-828a-4f25640a4971",
        "stage_type": "final_confirmation",
        "data": {
          "question": "I understood: 'Arrange a meeting'. Confirm action:",
          "type": "confirmation"
        },
        "completed": false,
        "created_at": "2025-11-29T14:54:59.069463"
      }
    ],
    "context": {},
    "current_stage_index": 0,
    "created_at": "2025-11-29T14:53:57.837885"
  },
  "created_at": "2025-11-29T14:54:59.069463",
  "expires_at": "2025-11-29T16:54:59.069463"
}