{
  "session_id": "ec4e3b96-f4b6-4c3e-bb7f-d4eed2d51221",
  "data": {
    "session_id": "ec4e3b96-f4b6-4c3e-bb7f-d4eed2d51221",
    "initial_intent": {
      "type": "meeting_scheduling",
      "confidence": "high",
      "entities": {
        "when": "tomorrow",
        "time": "2pm",
        "requires_participants": true,
        "requires_time_slot": true
      },
      "original_input": "Schedule a meeting for tomorrow at 2pm"
    },
    "stages": [
      {
        "id": "da3ce13a-e585-4c95-8553-ce5c02864b2b",
        "stage_type": "platform_selection",
        "data": {
          "question": "How would you like to meet?",
          "options": [
            {
              "id": "zoom",
              "name": "Zoom Meeting"
            },
            {
              "id": "google_meet",
              "name": "Google Meet"
            },
            {
              "id": "phone",
              "name": "Phone Call"
            },
            {
              "id": "in_person",
              "name": "In Person"
            }
          ],
          "type": "single_choice"
        },
        "completed": true,
        "created_at": "2025-11-29T07:32:47.934845"
      },
      {
        "id": "85c370a1-1e6f-44c1-87d2-d292266316a7",
        "stage_type": "participant_details",
        "data": {
          "question": "Who are you meeting with? Provide emails or phone numbers.",
          "type": "text_input"
        },
        "completed": true,
        "created_at": "2025-11-29T07:32:47.934845"
      },
      {
        "id": "354bfde9-b581-4848-a52b-5dbdfff679e0",
        "stage_type": "final_confirmation",
        "data": {
          "question": "Confirm meeting details:",
          "type": "confirmation",
          "actions": [
            "schedule_zoom",
            "send_telegram",
            "add_calendar"
          ]
        },
        "completed": false,
        "created_at": "2025-11-29T07:32:47.934845"
      }
    ],
    "context": {
      "platform": "zoom",
      "participants": "Traderlighter11@gmail.com"
    },
    "current_stage_index": 2,
    "created_at": "2025-11-29T07:32:47.934845"
  },
  "created_at": "2025-11-29T07:33:22.561551",
  "expires_at": "2025-11-29T09:33:22.561551"
}