{
  "session_id": "ed1edf38-ee06-4033-be3a-b79d22735d46",
  "data": {
    "session_id": "ed1edf38-ee06-4033-be3a-b79d22735d46",
    "initial_intent": {
      "type": "meeting_scheduling",
      "original_input": "Schedule a Zoom meeting with Alice"
    },
    "stages": [
      {
        "id": "70c9115b-a043-4ad6-818f-d797dfe2d2a5",
        "stage_type": "platform_selection",
        "data": {
          "question": "How would you like to meet?",
          "options": [
            {
              "id": "zoom",
              "name": "Zoom Meeting"
            },
            {
              "id": "google_meet",
              "name": "Google Meet"
            },
            {
              "id": "phone",
              "name": "Phone Call"
            },
            {
              "id": "in_person",
              "name": "In Person"
            }
          ],
          "type": "single_choice"
        },
        "completed": true,
        "created_at": "2025-11-29T07:34:53.376302"
      },
      {
        "id": "59de2db7-e2aa-4786-ab33-2a7593b63e9e",
        "stage_type": "participant_details",
        "data": {
          "question": "Who are you meeting with? Provide emails or phone numbers.",
          "type": "text_input"
        },
        "completed": true,
        "created_at": "2025-11-29T07:34:53.376302"
      },
      {
        "id": "a9b03b6f-9d6d-4adc-a21a-ff8020a79201",
        "stage_type": "final_confirmation",
        "data": {
          "question": "Confirm meeting details:",
          "type": "confirmation",
          "actions": [
            "schedule_zoom",
            "send_telegram",
            "add_calendar"
          ]
        },
        "completed": false,
        "created_at": "2025-11-29T07:34:53.376302"
      }
    ],
    "context": {
      "platform": "zoom",
      "participants": "Alice (alice@example.com)"
    },
    "current_stage_index": 2,
    "created_at": "2025-11-29T07:34:53.376302"
  },
  "created_at": "2025-11-29T07:34:53.380498",
  "expires_at": "2025-11-29T09:34:53.380498"
}