{
  "session_id": "f180d618-af1c-4b76-ae27-e1512a3dbc20",
  "data": {
    "session_id": "f180d618-af1c-4b76-ae27-e1512a3dbc20",
    "initial_intent": {
      "type": "general",
      "confidence": "low",
      "entities": {},
      "original_input": "Schedule a meeitng now"
    },
    "stages": [
      {
        "id": "57fc3039-824c-4d02-bf88-8c86c0c907dd",
        "stage_type": "final_confirmation",
        "data": {
          "question": "Confirm action:",
          "type": "confirmation"
        },
        "completed": false,
        "created_at": "2025-11-29T07:53:46.897595"
      }
    ],
    "context": {},
    "current_stage_index": 0,
    "created_at": "2025-11-29T07:53:46.897595"
  },
  "created_at": "2025-11-29T07:53:46.897595",
  "expires_at": "2025-11-29T09:53:46.897595"
}