{
  "session_id": "f7f2d194-90a9-4269-ae51-394fe50cd747",
  "data": {
    "session_id": "f7f2d194-90a9-4269-ae51-394fe50cd747",
    "initial_intent": {
      "type": "meeting_scheduling",
      "confidence": "high",
      "entities": {
        "requires_participants": true,
        "requires_time_slot": true
      },
      "original_input": "Create zoom meeting now"
    },
    "stages": [
      {
        "id": "19b73361-da03-4ae5-9322-6f3d7d5255b9",
        "stage_type": "platform_selection",
        "data": {
          "question": "How would you like to meet?",
          "options": [
            {
              "id": "zoom",
              "name": "Zoom Meeting"
            },
            {
              "id": "google_meet",
              "name": "Google Meet"
            },
            {
              "id": "phone",
              "name": "Phone Call"
            },
            {
              "id": "in_person",
              "name": "In Person"
            }
          ],
          "type": "single_choice"
        },
        "completed": true,
        "created_at": "2025-11-29T08:34:42.818623"
      },
      {
        "id": "8904bb1b-deb8-4703-a326-8ccb7ff6fb5d",
        "stage_type": "participant_details",
        "data": {
          "question": "Who are you meeting with? Provide emails or phone numbers or telegram ID's.",
          "type": "text_input"
        },
        "completed": true,
        "created_at": "2025-11-29T08:34:42.818623"
      },
      {
        "id": "60b198bc-2aa2-4d86-8c17-5153513bfa44",
        "stage_type": "final_confirmation",
        "data": {
          "question": "Confirm meeting details:",
          "type": "confirmation",
          "actions": [
            "schedule_zoom",
            "send_telegram",
            "add_calendar"
          ]
        },
        "completed": false,
        "created_at": "2025-11-29T08:34:42.818623"
      }
    ],
    "context": {
      "platform": "zoom",
      "participants": "eunfw\\"
    },
    "current_stage_index": 2,
    "created_at": "2025-11-29T08:34:42.818623"
  },
  "created_at": "2025-11-29T08:39:24.334712",
  "expires_at": "2025-11-29T10:39:24.334712"
}