{
  "session_id": "f8dc1811-3180-4c72-a15f-480898d342ad",
  "data": {
    "session_id": "f8dc1811-3180-4c72-a15f-480898d342ad",
    "initial_intent": {
      "type": "birthday_party",
      "confidence": "high",
      "entities": {
        "when": "this_weekend",
        "event_type": "birthday_party",
        "requires_planning": true
      },
      "original_input": "I need to enjoy my birthday this weekend in Karnataka"
    },
    "stages": [
      {
        "id": "89c77bdc-d08f-47a9-9707-95893e1d1902",
        "stage_type": "destination_selection",
        "data": {
          "question": "Where would you like to celebrate your birthday?",
          "options": [
            {
              "id": "goa",
              "name": "Goa",
              "description": "Beach paradise"
            },
            {
              "id": "manali",
              "name": "Manali",
              "description": "Mountain retreat"
            }
          ],
          "type": "single_choice",
          "user_input": "I need to enjoy my birthday this weekend in Karnataka"
        },
        "completed": false,
        "created_at": "2025-11-29T06:31:41.693595"
      },
      {
        "id": "22ccb6d2-630a-4dc0-902b-d54b3c2e7960",
        "stage_type": "accommodation_selection",
        "data": {
          "question": "Choose your accommodation:",
          "options_template": "resorts_and_hotels",
          "type": "single_choice"
        },
        "completed": false,
        "created_at": "2025-11-29T06:31:41.693595"
      },
      {
        "id": "39ef8432-8903-4028-9901-42ce69aed4da",
        "stage_type": "activities_selection",
        "data": {
          "question": "What activities would you like to include?",
          "options_template": "activities",
          "type": "multiple_choice"
        },
        "completed": false,
        "created_at": "2025-11-29T06:31:41.693595"
      },
      {
        "id": "e2012422-bedf-4639-a7f7-ae1d5bd2e86a",
        "stage_type": "dining_selection",
        "data": {
          "question": "Any special dining arrangements?",
          "options": [
            {
              "id": "cake_bakery",
              "name": "Order birthday cake from local bakery"
            },
            {
              "id": "restaurant_booking",
              "name": "Book table at fine dining restaurant"
            },
            {
              "id": "private_chef",
              "name": "Hire private chef"
            }
          ],
          "type": "multiple_choice"
        },
        "completed": false,
        "created_at": "2025-11-29T06:31:41.693595"
      },
      {
        "id": "8d4c05e4-e73d-4b0c-9bc8-65e569208b9a",
        "stage_type": "final_confirmation",
        "data": {
          "question": "Confirm your birthday celebration plan:",
          "type": "confirmation"
        },
        "completed": false,
        "created_at": "2025-11-29T06:31:41.693595"
      }
    ],
    "context": {},
    "current_stage_index": 0,
    "created_at": "2025-11-29T06:31:41.693595"
  },
  "created_at": "2025-11-29T06:31:41.693595",
  "expires_at": "2025-11-29T08:31:41.693595"
}