{
  "session_id": "f9ca8ff0-6700-41b0-a566-10cea7cbaf23",
  "data": {
    "session_id": "f9ca8ff0-6700-41b0-a566-10cea7cbaf23",
    "initial_intent": {
      "type": "birthday_party",
      "confidence": "high",
      "entities": {
        "event_type": "birthday_party",
        "requires_planning": true
      },
      "original_input": "I want to celebrate my birthday in Karnataka"
    },
    "stages": [
      {
        "id": "449f7321-0209-4b0b-b0da-043e4917bbd5",
        "stage_type": "destination_selection",
        "data": {
          "question": "Where would you like to celebrate your birthday?",
          "options": [
            {
              "id": "coorg",
              "name": "Coorg",
              "description": "Coffee plantations"
            },
            {
              "id": "hampi",
              "name": "Hampi",
              "description": "Ancient ruins"
            },
            {
              "id": "gokarna",
              "name": "Gokarna",
              "description": "Beach town"
            },
            {
              "id": "chikmagalur",
              "name": "Chikmagalur",
              "description": "Hill station"
            }
          ],
          "type": "single_choice",
          "user_input": "I want to celebrate my birthday in Karnataka"
        },
        "completed": false,
        "created_at": "2025-11-29T06:37:49.287458"
      },
      {
        "id": "72369840-79a1-4d59-99a7-fdb34f6adbe2",
        "stage_type": "accommodation_selection",
        "data": {
          "question": "Choose your accommodation:",
          "options_template": "resorts_and_hotels",
          "type": "single_choice"
        },
        "completed": false,
        "created_at": "2025-11-29T06:37:49.287458"
      },
      {
        "id": "9ca708c4-6472-4c8d-9ab1-39ecdc8a5983",
        "stage_type": "activities_selection",
        "data": {
          "question": "What activities would you like to include?",
          "options_template": "activities",
          "type": "multiple_choice"
        },
        "completed": false,
        "created_at": "2025-11-29T06:37:49.287458"
      },
      {
        "id": "75e58a8b-6c3f-4866-876d-658b2f2fcc83",
        "stage_type": "dining_selection",
        "data": {
          "question": "Any special dining arrangements?",
          "options": [
            {
              "id": "cake_bakery",
              "name": "Order birthday cake from local bakery"
            },
            {
              "id": "restaurant_booking",
              "name": "Book table at fine dining restaurant"
            },
            {
              "id": "private_chef",
              "name": "Hire private chef"
            }
          ],
          "type": "multiple_choice"
        },
        "completed": false,
        "created_at": "2025-11-29T06:37:49.287458"
      },
      {
        "id": "c8ce16f6-688e-4575-bde2-434d6cd2d5a0",
        "stage_type": "final_confirmation",
        "data": {
          "question": "Confirm your birthday celebration plan:",
          "type": "confirmation"
        },
        "completed": false,
        "created_at": "2025-11-29T06:37:49.287458"
      }
    ],
    "context": {},
    "current_stage_index": 0,
    "created_at": "2025-11-29T06:37:47.234770"
  },
  "created_at": "2025-11-29T06:37:49.287458",
  "expires_at": "2025-11-29T08:37:49.287458"
}