{
  "session_id": "fa51a270-c10e-4809-9b4c-fa268c405fad",
  "data": {
    "session_id": "fa51a270-c10e-4809-9b4c-fa268c405fad",
    "initial_intent": {
      "type": "meeting_scheduling",
      "confidence": "high",
      "entities": {
        "requires_participants": true,
        "requires_time_slot": true
      },
      "original_input": "Schedule meeting right now"
    },
    "stages": [
      {
        "id": "b9b45975-51c6-43e0-b146-01105143ca6f",
        "stage_type": "instant_execution",
        "data": {
          "question": "Creating your meeting now...",
          "type": "execution",
          "action": "create_instant_meeting"
        },
        "completed": false,
        "created_at": "2025-11-29T11:46:52.100821"
      }
    ],
    "context": {
      "platform": "google_meet"
    },
    "current_stage_index": 0,
    "created_at": "2025-11-29T11:46:52.099817"
  },
  "created_at": "2025-11-29T11:46:52.103885",
  "expires_at": "2025-11-29T13:46:52.103885"
}