{
  "session_id": "fe596d49-e284-4dcb-9339-b1e973af7890",
  "data": {
    "session_id": "fe596d49-e284-4dcb-9339-b1e973af7890",
    "initial_intent": {
      "type": "birthday_party",
      "confidence": "high",
      "entities": {
        "when": "this_weekend",
        "event_type": "birthday_party",
        "requires_planning": true
      },
      "original_input": "I need to enjoy my birthday this weekend"
    },
    "stages": [
      {
        "id": "7f5f5368-c9dc-4ea2-8067-fedac9d66097",
        "stage_type": "destination_selection",
        "data": {
          "question": "Where would you like to celebrate your birthday?",
          "options": [
            {
              "id": "goa",
              "name": "Goa",
              "description": "Beach paradise with nightlife"
            },
            {
              "id": "manali",
              "name": "Manali",
              "description": "Mountain retreat with adventure"
            },
            {
              "id": "udaipur",
              "name": "Udaipur",
              "description": "Royal palaces and lakes"
            },
            {
              "id": "gokarna",
              "name": "Gokarna",
              "description": "Peaceful beaches and temples"
            }
          ],
          "type": "single_choice"
        },
        "completed": true,
        "created_at": "2025-11-28T17:32:36.636902"
      },
      {
        "id": "d3393339-335b-4d41-a54a-b36e9862040d",
        "stage_type": "accommodation_selection",
        "data": {
          "question": "Choose your accommodation:",
          "options_template": "resorts_and_hotels",
          "type": "single_choice",
          "options": [
            {
              "id": "manu_allaya",
              "name": "Manu Allaya Resort & Spa",
              "price": "\u20b98,000/night",
              "rating": "5\u2605"
            },
            {
              "id": "solang_valley",
              "name": "Solang Valley Resort",
              "price": "\u20b96,000/night",
              "rating": "4\u2605"
            },
            {
              "id": "snow_valley",
              "name": "Snow Valley Resorts",
              "price": "\u20b95,000/night",
              "rating": "4\u2605"
            }
          ]
        },
        "completed": false,
        "created_at": "2025-11-28T17:32:36.636902"
      },
      {
        "id": "1d7a3962-c5ce-4c66-b2dd-3b6f299c9aa5",
        "stage_type": "activities_selection",
        "data": {
          "question": "What activities would you like to include?",
          "options_template": "activities",
          "type": "multiple_choice"
        },
        "completed": false,
        "created_at": "2025-11-28T17:32:36.636902"
      },
      {
        "id": "0da6a12a-00d7-4c96-a732-d3343e459019",
        "stage_type": "dining_selection",
        "data": {
          "question": "Any special dining arrangements?",
          "options": [
            {
              "id": "cake_bakery",
              "name": "Order birthday cake from local bakery"
            },
            {
              "id": "restaurant_booking",
              "name": "Book table at fine dining restaurant"
            },
            {
              "id": "private_chef",
              "name": "Hire private chef"
            }
          ],
          "type": "multiple_choice"
        },
        "completed": false,
        "created_at": "2025-11-28T17:32:36.636902"
      },
      {
        "id": "fe4850d5-dec3-48c6-954f-f740bbfdb24c",
        "stage_type": "final_confirmation",
        "data": {
          "question": "Confirm your birthday celebration plan:",
          "type": "confirmation"
        },
        "completed": false,
        "created_at": "2025-11-28T17:32:36.636902"
      }
    ],
    "context": {
      "destination": "manali"
    },
    "current_stage_index": 1,
    "created_at": "2025-11-28T17:32:36.636902"
  },
  "created_at": "2025-11-28T17:33:33.456524",
  "expires_at": "2025-11-28T19:33:33.456524"
}